insert into STATUS_KLIENTA (IdStatusu, NazwaStayusu, ZnizkaProcentowa, CzyWliczoneSniadania) values (1, 'vip', 50, true);
insert into STATUS_KLIENTA (IdStatusu, NazwaStayusu, ZnizkaProcentowa, CzyWliczoneSniadania) values (2, 'vip', 50, false);
insert into STATUS_KLIENTA (IdStatusu, NazwaStayusu, ZnizkaProcentowa, CzyWliczoneSniadania) values (3, 'ekskluzywny', 25, true);
insert into STATUS_KLIENTA (IdStatusu, NazwaStayusu, ZnizkaProcentowa, CzyWliczoneSniadania) values (4, 'ekskluzywny', 25, false);
insert into STATUS_KLIENTA (IdStatusu, NazwaStayusu, ZnizkaProcentowa, CzyWliczoneSniadania) values (5, 'normalny', 0, false);
insert into STATUS_KLIENTA (IdStatusu, NazwaStayusu, ZnizkaProcentowa, CzyWliczoneSniadania) values (6, 'normalny', 0, true);

insert into KATEGORIA_POKOJU (IdKategorii, CzyJestŁazienka, CzyJestBalkon, NazwaKategorii, CzyJestLodowka, DwuosoboweLozko) values (1, true, true, 'diament', true, true);
insert into KATEGORIA_POKOJU (IdKategorii, CzyJestŁazienka, CzyJestBalkon, NazwaKategorii, CzyJestLodowka, DwuosoboweLozko) values (2, true, true, 'diament', true, false);
insert into KATEGORIA_POKOJU (IdKategorii, CzyJestŁazienka, CzyJestBalkon, NazwaKategorii, CzyJestLodowka, DwuosoboweLozko) values (3, true, true, 'złoto', false, true);
insert into KATEGORIA_POKOJU (IdKategorii, CzyJestŁazienka, CzyJestBalkon, NazwaKategorii, CzyJestLodowka, DwuosoboweLozko) values (4, true, true, 'złoto', false, false);
insert into KATEGORIA_POKOJU (IdKategorii, CzyJestŁazienka, CzyJestBalkon, NazwaKategorii, CzyJestLodowka, DwuosoboweLozko) values (5, true, false, 'srebro', false, true);
insert into KATEGORIA_POKOJU (IdKategorii, CzyJestŁazienka, CzyJestBalkon, NazwaKategorii, CzyJestLodowka, DwuosoboweLozko) values (6, true, false, 'srebro', false, false);
insert into KATEGORIA_POKOJU (IdKategorii, CzyJestŁazienka, CzyJestBalkon, NazwaKategorii, CzyJestLodowka, DwuosoboweLozko) values (7, false, false, 'zwykly', false, true);
insert into KATEGORIA_POKOJU (IdKategorii, CzyJestŁazienka, CzyJestBalkon, NazwaKategorii, CzyJestLodowka, DwuosoboweLozko) values (8, false, false, 'zwykly', false, false);


insert into POKOJ (IdPokoju, NumerPokoju, CzyZajety, IdKategorii, CenaPokoju, IdHotelu, LiczbaOsob) values (1, 217, false, 6, 125, 15, 4);
insert into POKOJ (IdPokoju, NumerPokoju, CzyZajety, IdKategorii, CenaPokoju, IdHotelu, LiczbaOsob) values (2, 115, false, 5, 200, 10, 5);
insert into POKOJ (IdPokoju, NumerPokoju, CzyZajety, IdKategorii, CenaPokoju, IdHotelu, LiczbaOsob) values (3, 381, true, 8, 200, 1, 4);
insert into POKOJ (IdPokoju, NumerPokoju, CzyZajety, IdKategorii, CenaPokoju, IdHotelu, LiczbaOsob) values (4, 261, false, 2, 150, 10, 3);
insert into POKOJ (IdPokoju, NumerPokoju, CzyZajety, IdKategorii, CenaPokoju, IdHotelu, LiczbaOsob) values (5, 146, false, 5, 200, 1, 2);
insert into POKOJ (IdPokoju, NumerPokoju, CzyZajety, IdKategorii, CenaPokoju, IdHotelu, LiczbaOsob) values (6, 306, false, 7, 200, 6, 1);
insert into POKOJ (IdPokoju, NumerPokoju, CzyZajety, IdKategorii, CenaPokoju, IdHotelu, LiczbaOsob) values (7, 199, false, 8, 150, 10, 4);
insert into POKOJ (IdPokoju, NumerPokoju, CzyZajety, IdKategorii, CenaPokoju, IdHotelu, LiczbaOsob) values (8, 318, false, 4, 150, 5, 1);
insert into POKOJ (IdPokoju, NumerPokoju, CzyZajety, IdKategorii, CenaPokoju, IdHotelu, LiczbaOsob) values (9, 380, false, 3, 175, 13, 2);
insert into POKOJ (IdPokoju, NumerPokoju, CzyZajety, IdKategorii, CenaPokoju, IdHotelu, LiczbaOsob) values (10, 146, true, 3, 125, 11, 4);
insert into POKOJ (IdPokoju, NumerPokoju, CzyZajety, IdKategorii, CenaPokoju, IdHotelu, LiczbaOsob) values (11, 234, true, 1, 175, 12, 4);
insert into POKOJ (IdPokoju, NumerPokoju, CzyZajety, IdKategorii, CenaPokoju, IdHotelu, LiczbaOsob) values (12, 374, true, 6, 100, 10, 5);
insert into POKOJ (IdPokoju, NumerPokoju, CzyZajety, IdKategorii, CenaPokoju, IdHotelu, LiczbaOsob) values (13, 156, true, 7, 150, 15, 4);
insert into POKOJ (IdPokoju, NumerPokoju, CzyZajety, IdKategorii, CenaPokoju, IdHotelu, LiczbaOsob) values (14, 180, false, 6, 200, 7, 4);
insert into POKOJ (IdPokoju, NumerPokoju, CzyZajety, IdKategorii, CenaPokoju, IdHotelu, LiczbaOsob) values (15, 102, false, 3, 175, 3, 3);
insert into POKOJ (IdPokoju, NumerPokoju, CzyZajety, IdKategorii, CenaPokoju, IdHotelu, LiczbaOsob) values (16, 318, true, 8, 175, 3, 4);
insert into POKOJ (IdPokoju, NumerPokoju, CzyZajety, IdKategorii, CenaPokoju, IdHotelu, LiczbaOsob) values (17, 380, false, 8, 75, 13, 2);
insert into POKOJ (IdPokoju, NumerPokoju, CzyZajety, IdKategorii, CenaPokoju, IdHotelu, LiczbaOsob) values (18, 327, true, 4, 125, 13, 4);
insert into POKOJ (IdPokoju, NumerPokoju, CzyZajety, IdKategorii, CenaPokoju, IdHotelu, LiczbaOsob) values (19, 212, true, 4, 175, 6, 4);
insert into POKOJ (IdPokoju, NumerPokoju, CzyZajety, IdKategorii, CenaPokoju, IdHotelu, LiczbaOsob) values (20, 292, true, 2, 75, 2, 4);
insert into POKOJ (IdPokoju, NumerPokoju, CzyZajety, IdKategorii, CenaPokoju, IdHotelu, LiczbaOsob) values (21, 167, false, 1, 175, 9, 2);
insert into POKOJ (IdPokoju, NumerPokoju, CzyZajety, IdKategorii, CenaPokoju, IdHotelu, LiczbaOsob) values (22, 349, false, 5, 150, 14, 1);
insert into POKOJ (IdPokoju, NumerPokoju, CzyZajety, IdKategorii, CenaPokoju, IdHotelu, LiczbaOsob) values (23, 209, false, 5, 75, 11, 1);
insert into POKOJ (IdPokoju, NumerPokoju, CzyZajety, IdKategorii, CenaPokoju, IdHotelu, LiczbaOsob) values (24, 108, true, 1, 150, 14, 2);
insert into POKOJ (IdPokoju, NumerPokoju, CzyZajety, IdKategorii, CenaPokoju, IdHotelu, LiczbaOsob) values (25, 262, false, 7, 100, 2, 2);
insert into POKOJ (IdPokoju, NumerPokoju, CzyZajety, IdKategorii, CenaPokoju, IdHotelu, LiczbaOsob) values (26, 220, false, 8, 175, 6, 5);
insert into POKOJ (IdPokoju, NumerPokoju, CzyZajety, IdKategorii, CenaPokoju, IdHotelu, LiczbaOsob) values (27, 243, false, 6, 125, 10, 5);
insert into POKOJ (IdPokoju, NumerPokoju, CzyZajety, IdKategorii, CenaPokoju, IdHotelu, LiczbaOsob) values (28, 171, false, 2, 125, 4, 5);
insert into POKOJ (IdPokoju, NumerPokoju, CzyZajety, IdKategorii, CenaPokoju, IdHotelu, LiczbaOsob) values (29, 154, true, 8, 75, 9, 1);
insert into POKOJ (IdPokoju, NumerPokoju, CzyZajety, IdKategorii, CenaPokoju, IdHotelu, LiczbaOsob) values (30, 356, false, 1, 200, 2, 5);
insert into POKOJ (IdPokoju, NumerPokoju, CzyZajety, IdKategorii, CenaPokoju, IdHotelu, LiczbaOsob) values (31, 158, true, 8, 125, 8, 2);
insert into POKOJ (IdPokoju, NumerPokoju, CzyZajety, IdKategorii, CenaPokoju, IdHotelu, LiczbaOsob) values (32, 275, true, 6, 125, 13, 4);
insert into POKOJ (IdPokoju, NumerPokoju, CzyZajety, IdKategorii, CenaPokoju, IdHotelu, LiczbaOsob) values (33, 216, true, 8, 100, 3, 1);
insert into POKOJ (IdPokoju, NumerPokoju, CzyZajety, IdKategorii, CenaPokoju, IdHotelu, LiczbaOsob) values (34, 216, false, 2, 150, 14, 3);
insert into POKOJ (IdPokoju, NumerPokoju, CzyZajety, IdKategorii, CenaPokoju, IdHotelu, LiczbaOsob) values (35, 209, false, 1, 150, 13, 1);
insert into POKOJ (IdPokoju, NumerPokoju, CzyZajety, IdKategorii, CenaPokoju, IdHotelu, LiczbaOsob) values (36, 217, true, 2, 200, 4, 3);
insert into POKOJ (IdPokoju, NumerPokoju, CzyZajety, IdKategorii, CenaPokoju, IdHotelu, LiczbaOsob) values (37, 184, true, 5, 150, 9, 3);
insert into POKOJ (IdPokoju, NumerPokoju, CzyZajety, IdKategorii, CenaPokoju, IdHotelu, LiczbaOsob) values (38, 307, false, 5, 75, 7, 4);
insert into POKOJ (IdPokoju, NumerPokoju, CzyZajety, IdKategorii, CenaPokoju, IdHotelu, LiczbaOsob) values (39, 132, false, 1, 100, 8, 2);
insert into POKOJ (IdPokoju, NumerPokoju, CzyZajety, IdKategorii, CenaPokoju, IdHotelu, LiczbaOsob) values (40, 262, true, 3, 100, 3, 4);
insert into POKOJ (IdPokoju, NumerPokoju, CzyZajety, IdKategorii, CenaPokoju, IdHotelu, LiczbaOsob) values (41, 262, true, 4, 100, 11, 3);
insert into POKOJ (IdPokoju, NumerPokoju, CzyZajety, IdKategorii, CenaPokoju, IdHotelu, LiczbaOsob) values (42, 120, false, 1, 175, 13, 5);
insert into POKOJ (IdPokoju, NumerPokoju, CzyZajety, IdKategorii, CenaPokoju, IdHotelu, LiczbaOsob) values (43, 191, true, 2, 175, 13, 4);
insert into POKOJ (IdPokoju, NumerPokoju, CzyZajety, IdKategorii, CenaPokoju, IdHotelu, LiczbaOsob) values (44, 264, false, 2, 150, 6, 3);
insert into POKOJ (IdPokoju, NumerPokoju, CzyZajety, IdKategorii, CenaPokoju, IdHotelu, LiczbaOsob) values (45, 390, true, 7, 175, 3, 5);
insert into POKOJ (IdPokoju, NumerPokoju, CzyZajety, IdKategorii, CenaPokoju, IdHotelu, LiczbaOsob) values (46, 256, false, 1, 150, 9, 1);
insert into POKOJ (IdPokoju, NumerPokoju, CzyZajety, IdKategorii, CenaPokoju, IdHotelu, LiczbaOsob) values (47, 172, true, 5, 100, 10, 5);
insert into POKOJ (IdPokoju, NumerPokoju, CzyZajety, IdKategorii, CenaPokoju, IdHotelu, LiczbaOsob) values (48, 163, false, 1, 125, 13, 2);
insert into POKOJ (IdPokoju, NumerPokoju, CzyZajety, IdKategorii, CenaPokoju, IdHotelu, LiczbaOsob) values (49, 302, false, 2, 200, 13, 5);
insert into POKOJ (IdPokoju, NumerPokoju, CzyZajety, IdKategorii, CenaPokoju, IdHotelu, LiczbaOsob) values (50, 396, true, 3, 75, 1, 4);
insert into POKOJ (IdPokoju, NumerPokoju, CzyZajety, IdKategorii, CenaPokoju, IdHotelu, LiczbaOsob) values (51, 196, true, 8, 200, 4, 4);
insert into POKOJ (IdPokoju, NumerPokoju, CzyZajety, IdKategorii, CenaPokoju, IdHotelu, LiczbaOsob) values (52, 124, true, 2, 175, 8, 1);
insert into POKOJ (IdPokoju, NumerPokoju, CzyZajety, IdKategorii, CenaPokoju, IdHotelu, LiczbaOsob) values (53, 221, true, 1, 75, 6, 4);
insert into POKOJ (IdPokoju, NumerPokoju, CzyZajety, IdKategorii, CenaPokoju, IdHotelu, LiczbaOsob) values (54, 190, false, 8, 100, 12, 5);
insert into POKOJ (IdPokoju, NumerPokoju, CzyZajety, IdKategorii, CenaPokoju, IdHotelu, LiczbaOsob) values (55, 365, true, 4, 125, 8, 1);
insert into POKOJ (IdPokoju, NumerPokoju, CzyZajety, IdKategorii, CenaPokoju, IdHotelu, LiczbaOsob) values (56, 145, false, 6, 100, 14, 1);
insert into POKOJ (IdPokoju, NumerPokoju, CzyZajety, IdKategorii, CenaPokoju, IdHotelu, LiczbaOsob) values (57, 195, false, 6, 100, 4, 4);
insert into POKOJ (IdPokoju, NumerPokoju, CzyZajety, IdKategorii, CenaPokoju, IdHotelu, LiczbaOsob) values (58, 187, true, 5, 175, 3, 5);
insert into POKOJ (IdPokoju, NumerPokoju, CzyZajety, IdKategorii, CenaPokoju, IdHotelu, LiczbaOsob) values (59, 100, true, 8, 175, 8, 2);
insert into POKOJ (IdPokoju, NumerPokoju, CzyZajety, IdKategorii, CenaPokoju, IdHotelu, LiczbaOsob) values (60, 277, false, 2, 75, 9, 3);
insert into POKOJ (IdPokoju, NumerPokoju, CzyZajety, IdKategorii, CenaPokoju, IdHotelu, LiczbaOsob) values (61, 361, false, 2, 200, 5, 2);
insert into POKOJ (IdPokoju, NumerPokoju, CzyZajety, IdKategorii, CenaPokoju, IdHotelu, LiczbaOsob) values (62, 320, false, 2, 150, 11, 2);
insert into POKOJ (IdPokoju, NumerPokoju, CzyZajety, IdKategorii, CenaPokoju, IdHotelu, LiczbaOsob) values (63, 242, true, 7, 175, 9, 4);
insert into POKOJ (IdPokoju, NumerPokoju, CzyZajety, IdKategorii, CenaPokoju, IdHotelu, LiczbaOsob) values (64, 379, true, 7, 125, 15, 2);
insert into POKOJ (IdPokoju, NumerPokoju, CzyZajety, IdKategorii, CenaPokoju, IdHotelu, LiczbaOsob) values (65, 383, false, 2, 75, 7, 4);
insert into POKOJ (IdPokoju, NumerPokoju, CzyZajety, IdKategorii, CenaPokoju, IdHotelu, LiczbaOsob) values (66, 150, false, 4, 200, 2, 1);
insert into POKOJ (IdPokoju, NumerPokoju, CzyZajety, IdKategorii, CenaPokoju, IdHotelu, LiczbaOsob) values (67, 130, false, 1, 175, 6, 3);
insert into POKOJ (IdPokoju, NumerPokoju, CzyZajety, IdKategorii, CenaPokoju, IdHotelu, LiczbaOsob) values (68, 290, false, 1, 150, 4, 5);
insert into POKOJ (IdPokoju, NumerPokoju, CzyZajety, IdKategorii, CenaPokoju, IdHotelu, LiczbaOsob) values (69, 179, false, 2, 150, 5, 1);
insert into POKOJ (IdPokoju, NumerPokoju, CzyZajety, IdKategorii, CenaPokoju, IdHotelu, LiczbaOsob) values (70, 250, false, 8, 100, 3, 5);
insert into POKOJ (IdPokoju, NumerPokoju, CzyZajety, IdKategorii, CenaPokoju, IdHotelu, LiczbaOsob) values (71, 141, true, 8, 175, 5, 2);
insert into POKOJ (IdPokoju, NumerPokoju, CzyZajety, IdKategorii, CenaPokoju, IdHotelu, LiczbaOsob) values (72, 105, true, 8, 200, 11, 5);
insert into POKOJ (IdPokoju, NumerPokoju, CzyZajety, IdKategorii, CenaPokoju, IdHotelu, LiczbaOsob) values (73, 163, true, 5, 175, 9, 4);
insert into POKOJ (IdPokoju, NumerPokoju, CzyZajety, IdKategorii, CenaPokoju, IdHotelu, LiczbaOsob) values (74, 128, true, 4, 150, 13, 4);
insert into POKOJ (IdPokoju, NumerPokoju, CzyZajety, IdKategorii, CenaPokoju, IdHotelu, LiczbaOsob) values (75, 211, true, 7, 200, 15, 2);
insert into POKOJ (IdPokoju, NumerPokoju, CzyZajety, IdKategorii, CenaPokoju, IdHotelu, LiczbaOsob) values (76, 373, false, 1, 100, 12, 5);
insert into POKOJ (IdPokoju, NumerPokoju, CzyZajety, IdKategorii, CenaPokoju, IdHotelu, LiczbaOsob) values (77, 162, false, 2, 75, 7, 1);
insert into POKOJ (IdPokoju, NumerPokoju, CzyZajety, IdKategorii, CenaPokoju, IdHotelu, LiczbaOsob) values (78, 113, false, 7, 175, 8, 2);
insert into POKOJ (IdPokoju, NumerPokoju, CzyZajety, IdKategorii, CenaPokoju, IdHotelu, LiczbaOsob) values (79, 387, false, 7, 75, 4, 1);
insert into POKOJ (IdPokoju, NumerPokoju, CzyZajety, IdKategorii, CenaPokoju, IdHotelu, LiczbaOsob) values (80, 264, true, 1, 125, 13, 3);
insert into POKOJ (IdPokoju, NumerPokoju, CzyZajety, IdKategorii, CenaPokoju, IdHotelu, LiczbaOsob) values (81, 263, false, 2, 75, 7, 2);
insert into POKOJ (IdPokoju, NumerPokoju, CzyZajety, IdKategorii, CenaPokoju, IdHotelu, LiczbaOsob) values (82, 365, false, 1, 200, 5, 1);
insert into POKOJ (IdPokoju, NumerPokoju, CzyZajety, IdKategorii, CenaPokoju, IdHotelu, LiczbaOsob) values (83, 352, false, 8, 175, 1, 1);
insert into POKOJ (IdPokoju, NumerPokoju, CzyZajety, IdKategorii, CenaPokoju, IdHotelu, LiczbaOsob) values (84, 178, true, 6, 200, 12, 3);
insert into POKOJ (IdPokoju, NumerPokoju, CzyZajety, IdKategorii, CenaPokoju, IdHotelu, LiczbaOsob) values (85, 209, true, 3, 75, 2, 4);
insert into POKOJ (IdPokoju, NumerPokoju, CzyZajety, IdKategorii, CenaPokoju, IdHotelu, LiczbaOsob) values (86, 355, false, 8, 150, 3, 1);
insert into POKOJ (IdPokoju, NumerPokoju, CzyZajety, IdKategorii, CenaPokoju, IdHotelu, LiczbaOsob) values (87, 293, true, 8, 175, 8, 1);
insert into POKOJ (IdPokoju, NumerPokoju, CzyZajety, IdKategorii, CenaPokoju, IdHotelu, LiczbaOsob) values (88, 209, false, 5, 75, 12, 4);
insert into POKOJ (IdPokoju, NumerPokoju, CzyZajety, IdKategorii, CenaPokoju, IdHotelu, LiczbaOsob) values (89, 393, false, 1, 125, 3, 5);
insert into POKOJ (IdPokoju, NumerPokoju, CzyZajety, IdKategorii, CenaPokoju, IdHotelu, LiczbaOsob) values (90, 146, true, 7, 200, 14, 3);
insert into POKOJ (IdPokoju, NumerPokoju, CzyZajety, IdKategorii, CenaPokoju, IdHotelu, LiczbaOsob) values (91, 355, false, 2, 150, 12, 1);
insert into POKOJ (IdPokoju, NumerPokoju, CzyZajety, IdKategorii, CenaPokoju, IdHotelu, LiczbaOsob) values (92, 104, true, 5, 75, 10, 1);
insert into POKOJ (IdPokoju, NumerPokoju, CzyZajety, IdKategorii, CenaPokoju, IdHotelu, LiczbaOsob) values (93, 373, true, 8, 75, 8, 5);
insert into POKOJ (IdPokoju, NumerPokoju, CzyZajety, IdKategorii, CenaPokoju, IdHotelu, LiczbaOsob) values (94, 329, false, 3, 100, 3, 5);
insert into POKOJ (IdPokoju, NumerPokoju, CzyZajety, IdKategorii, CenaPokoju, IdHotelu, LiczbaOsob) values (95, 139, false, 3, 175, 8, 3);
insert into POKOJ (IdPokoju, NumerPokoju, CzyZajety, IdKategorii, CenaPokoju, IdHotelu, LiczbaOsob) values (96, 146, false, 3, 175, 9, 1);
insert into POKOJ (IdPokoju, NumerPokoju, CzyZajety, IdKategorii, CenaPokoju, IdHotelu, LiczbaOsob) values (97, 350, true, 5, 175, 2, 2);
insert into POKOJ (IdPokoju, NumerPokoju, CzyZajety, IdKategorii, CenaPokoju, IdHotelu, LiczbaOsob) values (98, 370, true, 2, 150, 11, 3);
insert into POKOJ (IdPokoju, NumerPokoju, CzyZajety, IdKategorii, CenaPokoju, IdHotelu, LiczbaOsob) values (99, 327, false, 5, 75, 15, 5);
insert into POKOJ (IdPokoju, NumerPokoju, CzyZajety, IdKategorii, CenaPokoju, IdHotelu, LiczbaOsob) values (100, 121, true, 4, 175, 5, 3);
insert into POKOJ (IdPokoju, NumerPokoju, CzyZajety, IdKategorii, CenaPokoju, IdHotelu, LiczbaOsob) values (101, 382, true, 6, 175, 4, 3);
insert into POKOJ (IdPokoju, NumerPokoju, CzyZajety, IdKategorii, CenaPokoju, IdHotelu, LiczbaOsob) values (102, 212, true, 3, 125, 4, 1);
insert into POKOJ (IdPokoju, NumerPokoju, CzyZajety, IdKategorii, CenaPokoju, IdHotelu, LiczbaOsob) values (103, 333, true, 7, 75, 4, 1);
insert into POKOJ (IdPokoju, NumerPokoju, CzyZajety, IdKategorii, CenaPokoju, IdHotelu, LiczbaOsob) values (104, 304, false, 7, 175, 2, 4);
insert into POKOJ (IdPokoju, NumerPokoju, CzyZajety, IdKategorii, CenaPokoju, IdHotelu, LiczbaOsob) values (105, 346, false, 1, 75, 12, 3);
insert into POKOJ (IdPokoju, NumerPokoju, CzyZajety, IdKategorii, CenaPokoju, IdHotelu, LiczbaOsob) values (106, 126, false, 5, 150, 3, 4);
insert into POKOJ (IdPokoju, NumerPokoju, CzyZajety, IdKategorii, CenaPokoju, IdHotelu, LiczbaOsob) values (107, 360, true, 5, 200, 5, 3);
insert into POKOJ (IdPokoju, NumerPokoju, CzyZajety, IdKategorii, CenaPokoju, IdHotelu, LiczbaOsob) values (108, 379, true, 7, 200, 12, 5);
insert into POKOJ (IdPokoju, NumerPokoju, CzyZajety, IdKategorii, CenaPokoju, IdHotelu, LiczbaOsob) values (109, 258, true, 6, 125, 5, 2);
insert into POKOJ (IdPokoju, NumerPokoju, CzyZajety, IdKategorii, CenaPokoju, IdHotelu, LiczbaOsob) values (110, 322, true, 2, 150, 6, 2);
insert into POKOJ (IdPokoju, NumerPokoju, CzyZajety, IdKategorii, CenaPokoju, IdHotelu, LiczbaOsob) values (111, 329, true, 5, 150, 11, 4);
insert into POKOJ (IdPokoju, NumerPokoju, CzyZajety, IdKategorii, CenaPokoju, IdHotelu, LiczbaOsob) values (112, 254, false, 5, 175, 14, 2);
insert into POKOJ (IdPokoju, NumerPokoju, CzyZajety, IdKategorii, CenaPokoju, IdHotelu, LiczbaOsob) values (113, 368, false, 5, 200, 11, 4);
insert into POKOJ (IdPokoju, NumerPokoju, CzyZajety, IdKategorii, CenaPokoju, IdHotelu, LiczbaOsob) values (114, 236, true, 8, 175, 15, 3);
insert into POKOJ (IdPokoju, NumerPokoju, CzyZajety, IdKategorii, CenaPokoju, IdHotelu, LiczbaOsob) values (115, 207, false, 8, 175, 5, 4);
insert into POKOJ (IdPokoju, NumerPokoju, CzyZajety, IdKategorii, CenaPokoju, IdHotelu, LiczbaOsob) values (116, 224, true, 3, 150, 8, 4);
insert into POKOJ (IdPokoju, NumerPokoju, CzyZajety, IdKategorii, CenaPokoju, IdHotelu, LiczbaOsob) values (117, 219, true, 5, 150, 11, 1);
insert into POKOJ (IdPokoju, NumerPokoju, CzyZajety, IdKategorii, CenaPokoju, IdHotelu, LiczbaOsob) values (118, 247, true, 1, 150, 9, 2);
insert into POKOJ (IdPokoju, NumerPokoju, CzyZajety, IdKategorii, CenaPokoju, IdHotelu, LiczbaOsob) values (119, 293, true, 5, 150, 13, 3);
insert into POKOJ (IdPokoju, NumerPokoju, CzyZajety, IdKategorii, CenaPokoju, IdHotelu, LiczbaOsob) values (120, 267, true, 2, 125, 6, 3);
insert into POKOJ (IdPokoju, NumerPokoju, CzyZajety, IdKategorii, CenaPokoju, IdHotelu, LiczbaOsob) values (121, 223, true, 1, 75, 14, 1);
insert into POKOJ (IdPokoju, NumerPokoju, CzyZajety, IdKategorii, CenaPokoju, IdHotelu, LiczbaOsob) values (122, 291, true, 3, 150, 6, 3);
insert into POKOJ (IdPokoju, NumerPokoju, CzyZajety, IdKategorii, CenaPokoju, IdHotelu, LiczbaOsob) values (123, 342, false, 1, 75, 11, 1);
insert into POKOJ (IdPokoju, NumerPokoju, CzyZajety, IdKategorii, CenaPokoju, IdHotelu, LiczbaOsob) values (124, 348, false, 5, 75, 6, 5);
insert into POKOJ (IdPokoju, NumerPokoju, CzyZajety, IdKategorii, CenaPokoju, IdHotelu, LiczbaOsob) values (125, 391, false, 4, 75, 6, 1);
insert into POKOJ (IdPokoju, NumerPokoju, CzyZajety, IdKategorii, CenaPokoju, IdHotelu, LiczbaOsob) values (126, 166, false, 4, 175, 1, 4);
insert into POKOJ (IdPokoju, NumerPokoju, CzyZajety, IdKategorii, CenaPokoju, IdHotelu, LiczbaOsob) values (127, 358, false, 1, 100, 10, 4);
insert into POKOJ (IdPokoju, NumerPokoju, CzyZajety, IdKategorii, CenaPokoju, IdHotelu, LiczbaOsob) values (128, 377, true, 4, 150, 3, 5);
insert into POKOJ (IdPokoju, NumerPokoju, CzyZajety, IdKategorii, CenaPokoju, IdHotelu, LiczbaOsob) values (129, 364, true, 1, 175, 8, 2);
insert into POKOJ (IdPokoju, NumerPokoju, CzyZajety, IdKategorii, CenaPokoju, IdHotelu, LiczbaOsob) values (130, 131, false, 4, 150, 7, 2);
insert into POKOJ (IdPokoju, NumerPokoju, CzyZajety, IdKategorii, CenaPokoju, IdHotelu, LiczbaOsob) values (131, 355, false, 2, 100, 4, 4);
insert into POKOJ (IdPokoju, NumerPokoju, CzyZajety, IdKategorii, CenaPokoju, IdHotelu, LiczbaOsob) values (132, 379, true, 4, 125, 2, 4);
insert into POKOJ (IdPokoju, NumerPokoju, CzyZajety, IdKategorii, CenaPokoju, IdHotelu, LiczbaOsob) values (133, 329, false, 7, 75, 11, 3);
insert into POKOJ (IdPokoju, NumerPokoju, CzyZajety, IdKategorii, CenaPokoju, IdHotelu, LiczbaOsob) values (134, 391, false, 1, 150, 3, 4);
insert into POKOJ (IdPokoju, NumerPokoju, CzyZajety, IdKategorii, CenaPokoju, IdHotelu, LiczbaOsob) values (135, 115, false, 6, 100, 6, 5);
insert into POKOJ (IdPokoju, NumerPokoju, CzyZajety, IdKategorii, CenaPokoju, IdHotelu, LiczbaOsob) values (136, 224, false, 4, 150, 10, 1);
insert into POKOJ (IdPokoju, NumerPokoju, CzyZajety, IdKategorii, CenaPokoju, IdHotelu, LiczbaOsob) values (137, 168, true, 6, 125, 6, 5);
insert into POKOJ (IdPokoju, NumerPokoju, CzyZajety, IdKategorii, CenaPokoju, IdHotelu, LiczbaOsob) values (138, 112, true, 1, 125, 7, 2);
insert into POKOJ (IdPokoju, NumerPokoju, CzyZajety, IdKategorii, CenaPokoju, IdHotelu, LiczbaOsob) values (139, 179, false, 1, 200, 7, 3);
insert into POKOJ (IdPokoju, NumerPokoju, CzyZajety, IdKategorii, CenaPokoju, IdHotelu, LiczbaOsob) values (140, 137, true, 1, 125, 6, 4);
insert into POKOJ (IdPokoju, NumerPokoju, CzyZajety, IdKategorii, CenaPokoju, IdHotelu, LiczbaOsob) values (141, 374, false, 8, 100, 3, 1);
insert into POKOJ (IdPokoju, NumerPokoju, CzyZajety, IdKategorii, CenaPokoju, IdHotelu, LiczbaOsob) values (142, 338, true, 1, 100, 8, 4);
insert into POKOJ (IdPokoju, NumerPokoju, CzyZajety, IdKategorii, CenaPokoju, IdHotelu, LiczbaOsob) values (143, 241, true, 3, 75, 5, 1);
insert into POKOJ (IdPokoju, NumerPokoju, CzyZajety, IdKategorii, CenaPokoju, IdHotelu, LiczbaOsob) values (144, 152, false, 3, 175, 12, 3);
insert into POKOJ (IdPokoju, NumerPokoju, CzyZajety, IdKategorii, CenaPokoju, IdHotelu, LiczbaOsob) values (145, 182, false, 2, 100, 12, 3);
insert into POKOJ (IdPokoju, NumerPokoju, CzyZajety, IdKategorii, CenaPokoju, IdHotelu, LiczbaOsob) values (146, 196, false, 1, 75, 15, 5);
insert into POKOJ (IdPokoju, NumerPokoju, CzyZajety, IdKategorii, CenaPokoju, IdHotelu, LiczbaOsob) values (147, 121, true, 7, 75, 7, 5);
insert into POKOJ (IdPokoju, NumerPokoju, CzyZajety, IdKategorii, CenaPokoju, IdHotelu, LiczbaOsob) values (148, 366, true, 7, 125, 10, 2);
insert into POKOJ (IdPokoju, NumerPokoju, CzyZajety, IdKategorii, CenaPokoju, IdHotelu, LiczbaOsob) values (149, 313, true, 1, 200, 1, 5);
insert into POKOJ (IdPokoju, NumerPokoju, CzyZajety, IdKategorii, CenaPokoju, IdHotelu, LiczbaOsob) values (150, 134, true, 1, 175, 4, 1);
insert into POKOJ (IdPokoju, NumerPokoju, CzyZajety, IdKategorii, CenaPokoju, IdHotelu, LiczbaOsob) values (151, 280, false, 5, 150, 9, 2);
insert into POKOJ (IdPokoju, NumerPokoju, CzyZajety, IdKategorii, CenaPokoju, IdHotelu, LiczbaOsob) values (152, 177, true, 5, 150, 10, 2);
insert into POKOJ (IdPokoju, NumerPokoju, CzyZajety, IdKategorii, CenaPokoju, IdHotelu, LiczbaOsob) values (153, 364, false, 6, 125, 2, 5);
insert into POKOJ (IdPokoju, NumerPokoju, CzyZajety, IdKategorii, CenaPokoju, IdHotelu, LiczbaOsob) values (154, 310, true, 5, 175, 2, 1);
insert into POKOJ (IdPokoju, NumerPokoju, CzyZajety, IdKategorii, CenaPokoju, IdHotelu, LiczbaOsob) values (155, 301, false, 6, 75, 10, 5);
insert into POKOJ (IdPokoju, NumerPokoju, CzyZajety, IdKategorii, CenaPokoju, IdHotelu, LiczbaOsob) values (156, 247, true, 8, 100, 14, 2);
insert into POKOJ (IdPokoju, NumerPokoju, CzyZajety, IdKategorii, CenaPokoju, IdHotelu, LiczbaOsob) values (157, 167, true, 7, 125, 6, 1);
insert into POKOJ (IdPokoju, NumerPokoju, CzyZajety, IdKategorii, CenaPokoju, IdHotelu, LiczbaOsob) values (158, 386, true, 1, 100, 8, 1);
insert into POKOJ (IdPokoju, NumerPokoju, CzyZajety, IdKategorii, CenaPokoju, IdHotelu, LiczbaOsob) values (159, 335, true, 1, 150, 10, 4);
insert into POKOJ (IdPokoju, NumerPokoju, CzyZajety, IdKategorii, CenaPokoju, IdHotelu, LiczbaOsob) values (160, 219, false, 6, 125, 15, 4);
insert into POKOJ (IdPokoju, NumerPokoju, CzyZajety, IdKategorii, CenaPokoju, IdHotelu, LiczbaOsob) values (161, 235, true, 6, 200, 5, 4);
insert into POKOJ (IdPokoju, NumerPokoju, CzyZajety, IdKategorii, CenaPokoju, IdHotelu, LiczbaOsob) values (162, 347, false, 6, 100, 15, 2);
insert into POKOJ (IdPokoju, NumerPokoju, CzyZajety, IdKategorii, CenaPokoju, IdHotelu, LiczbaOsob) values (163, 274, true, 1, 175, 11, 1);
insert into POKOJ (IdPokoju, NumerPokoju, CzyZajety, IdKategorii, CenaPokoju, IdHotelu, LiczbaOsob) values (164, 223, true, 4, 100, 7, 3);
insert into POKOJ (IdPokoju, NumerPokoju, CzyZajety, IdKategorii, CenaPokoju, IdHotelu, LiczbaOsob) values (165, 388, true, 6, 100, 14, 3);
insert into POKOJ (IdPokoju, NumerPokoju, CzyZajety, IdKategorii, CenaPokoju, IdHotelu, LiczbaOsob) values (166, 110, false, 8, 100, 14, 1);
insert into POKOJ (IdPokoju, NumerPokoju, CzyZajety, IdKategorii, CenaPokoju, IdHotelu, LiczbaOsob) values (167, 113, true, 1, 175, 5, 2);
insert into POKOJ (IdPokoju, NumerPokoju, CzyZajety, IdKategorii, CenaPokoju, IdHotelu, LiczbaOsob) values (168, 123, true, 8, 200, 9, 5);
insert into POKOJ (IdPokoju, NumerPokoju, CzyZajety, IdKategorii, CenaPokoju, IdHotelu, LiczbaOsob) values (169, 237, false, 7, 75, 6, 2);
insert into POKOJ (IdPokoju, NumerPokoju, CzyZajety, IdKategorii, CenaPokoju, IdHotelu, LiczbaOsob) values (170, 196, true, 1, 125, 4, 2);
insert into POKOJ (IdPokoju, NumerPokoju, CzyZajety, IdKategorii, CenaPokoju, IdHotelu, LiczbaOsob) values (171, 226, false, 6, 175, 1, 1);
insert into POKOJ (IdPokoju, NumerPokoju, CzyZajety, IdKategorii, CenaPokoju, IdHotelu, LiczbaOsob) values (172, 375, true, 7, 75, 13, 1);
insert into POKOJ (IdPokoju, NumerPokoju, CzyZajety, IdKategorii, CenaPokoju, IdHotelu, LiczbaOsob) values (173, 366, true, 1, 125, 12, 3);
insert into POKOJ (IdPokoju, NumerPokoju, CzyZajety, IdKategorii, CenaPokoju, IdHotelu, LiczbaOsob) values (174, 243, false, 5, 150, 10, 3);
insert into POKOJ (IdPokoju, NumerPokoju, CzyZajety, IdKategorii, CenaPokoju, IdHotelu, LiczbaOsob) values (175, 193, false, 2, 100, 3, 4);
insert into POKOJ (IdPokoju, NumerPokoju, CzyZajety, IdKategorii, CenaPokoju, IdHotelu, LiczbaOsob) values (176, 302, true, 2, 125, 4, 3);
insert into POKOJ (IdPokoju, NumerPokoju, CzyZajety, IdKategorii, CenaPokoju, IdHotelu, LiczbaOsob) values (177, 245, false, 3, 200, 12, 2);
insert into POKOJ (IdPokoju, NumerPokoju, CzyZajety, IdKategorii, CenaPokoju, IdHotelu, LiczbaOsob) values (178, 226, true, 6, 100, 5, 1);
insert into POKOJ (IdPokoju, NumerPokoju, CzyZajety, IdKategorii, CenaPokoju, IdHotelu, LiczbaOsob) values (179, 375, true, 5, 75, 11, 3);
insert into POKOJ (IdPokoju, NumerPokoju, CzyZajety, IdKategorii, CenaPokoju, IdHotelu, LiczbaOsob) values (180, 258, true, 5, 150, 7, 1);
insert into POKOJ (IdPokoju, NumerPokoju, CzyZajety, IdKategorii, CenaPokoju, IdHotelu, LiczbaOsob) values (181, 184, true, 6, 175, 7, 3);
insert into POKOJ (IdPokoju, NumerPokoju, CzyZajety, IdKategorii, CenaPokoju, IdHotelu, LiczbaOsob) values (182, 240, false, 1, 125, 8, 4);
insert into POKOJ (IdPokoju, NumerPokoju, CzyZajety, IdKategorii, CenaPokoju, IdHotelu, LiczbaOsob) values (183, 225, false, 2, 125, 15, 3);
insert into POKOJ (IdPokoju, NumerPokoju, CzyZajety, IdKategorii, CenaPokoju, IdHotelu, LiczbaOsob) values (184, 239, true, 2, 75, 9, 4);
insert into POKOJ (IdPokoju, NumerPokoju, CzyZajety, IdKategorii, CenaPokoju, IdHotelu, LiczbaOsob) values (185, 348, true, 6, 75, 8, 4);
insert into POKOJ (IdPokoju, NumerPokoju, CzyZajety, IdKategorii, CenaPokoju, IdHotelu, LiczbaOsob) values (186, 231, false, 4, 175, 2, 4);
insert into POKOJ (IdPokoju, NumerPokoju, CzyZajety, IdKategorii, CenaPokoju, IdHotelu, LiczbaOsob) values (187, 358, true, 2, 150, 3, 1);
insert into POKOJ (IdPokoju, NumerPokoju, CzyZajety, IdKategorii, CenaPokoju, IdHotelu, LiczbaOsob) values (188, 350, false, 6, 75, 4, 4);
insert into POKOJ (IdPokoju, NumerPokoju, CzyZajety, IdKategorii, CenaPokoju, IdHotelu, LiczbaOsob) values (189, 342, false, 2, 125, 2, 2);
insert into POKOJ (IdPokoju, NumerPokoju, CzyZajety, IdKategorii, CenaPokoju, IdHotelu, LiczbaOsob) values (190, 311, false, 7, 75, 10, 1);
insert into POKOJ (IdPokoju, NumerPokoju, CzyZajety, IdKategorii, CenaPokoju, IdHotelu, LiczbaOsob) values (191, 236, false, 2, 75, 11, 2);
insert into POKOJ (IdPokoju, NumerPokoju, CzyZajety, IdKategorii, CenaPokoju, IdHotelu, LiczbaOsob) values (192, 359, false, 2, 200, 13, 1);
insert into POKOJ (IdPokoju, NumerPokoju, CzyZajety, IdKategorii, CenaPokoju, IdHotelu, LiczbaOsob) values (193, 251, false, 7, 175, 13, 5);
insert into POKOJ (IdPokoju, NumerPokoju, CzyZajety, IdKategorii, CenaPokoju, IdHotelu, LiczbaOsob) values (194, 389, true, 8, 125, 10, 1);
insert into POKOJ (IdPokoju, NumerPokoju, CzyZajety, IdKategorii, CenaPokoju, IdHotelu, LiczbaOsob) values (195, 273, false, 2, 175, 4, 4);
insert into POKOJ (IdPokoju, NumerPokoju, CzyZajety, IdKategorii, CenaPokoju, IdHotelu, LiczbaOsob) values (196, 164, true, 1, 100, 15, 1);
insert into POKOJ (IdPokoju, NumerPokoju, CzyZajety, IdKategorii, CenaPokoju, IdHotelu, LiczbaOsob) values (197, 256, false, 6, 175, 11, 1);
insert into POKOJ (IdPokoju, NumerPokoju, CzyZajety, IdKategorii, CenaPokoju, IdHotelu, LiczbaOsob) values (198, 190, false, 8, 100, 13, 4);
insert into POKOJ (IdPokoju, NumerPokoju, CzyZajety, IdKategorii, CenaPokoju, IdHotelu, LiczbaOsob) values (199, 216, false, 3, 75, 11, 4);
insert into POKOJ (IdPokoju, NumerPokoju, CzyZajety, IdKategorii, CenaPokoju, IdHotelu, LiczbaOsob) values (200, 399, true, 5, 175, 10, 4);


insert into KLIENT (IdKlienta, Imie, Nazwisko, NumerTelefonu, Ulica, NumerUlica, Miasto, IdStatusu) values (1, 'Meta', 'Fitton', '4652059411', 'Paget', '550', 'Nong Saeng', 2);
insert into KLIENT (IdKlienta, Imie, Nazwisko, NumerTelefonu, Ulica, NumerUlica, Miasto, IdStatusu) values (2, 'Reagen', 'Rhymes', '6767104251', 'Miller', '89080', 'Picoto', 1);
insert into KLIENT (IdKlienta, Imie, Nazwisko, NumerTelefonu, Ulica, NumerUlica, Miasto, IdStatusu) values (3, 'Shanie', 'Paddock', '7661953284', 'Kennedy', '6', 'Utrecht', 3);
insert into KLIENT (IdKlienta, Imie, Nazwisko, NumerTelefonu, Ulica, NumerUlica, Miasto, IdStatusu) values (4, 'Monti', 'Dowber', '9415884317', 'Schiller', '9', 'Naples', 3);
insert into KLIENT (IdKlienta, Imie, Nazwisko, NumerTelefonu, Ulica, NumerUlica, Miasto, IdStatusu) values (5, 'Alanah', 'Kerrane', '2484468391', 'Declaration', '09', 'Acarigua', 3);
insert into KLIENT (IdKlienta, Imie, Nazwisko, NumerTelefonu, Ulica, NumerUlica, Miasto, IdStatusu) values (6, 'Cheri', 'Tweede', '4072146340', 'Pearson', '95860', 'Lebowakgomo', 3);
insert into KLIENT (IdKlienta, Imie, Nazwisko, NumerTelefonu, Ulica, NumerUlica, Miasto, IdStatusu) values (7, 'Nancey', 'Mayman', '3833300660', 'Pawling', '559', 'Wantian', 3);
insert into KLIENT (IdKlienta, Imie, Nazwisko, NumerTelefonu, Ulica, NumerUlica, Miasto, IdStatusu) values (8, 'Shelagh', 'Scoggan', '8953208316', 'Golf View', '26270', 'Bački Breg', 1);
insert into KLIENT (IdKlienta, Imie, Nazwisko, NumerTelefonu, Ulica, NumerUlica, Miasto, IdStatusu) values (9, 'Cherice', 'McManamen', '4809048549', 'Dixon', '0850', 'Biliran', 4);
insert into KLIENT (IdKlienta, Imie, Nazwisko, NumerTelefonu, Ulica, NumerUlica, Miasto, IdStatusu) values (10, 'Robby', 'Martello', '5793276855', 'Grim', '181', 'Ponong', 5);
insert into KLIENT (IdKlienta, Imie, Nazwisko, NumerTelefonu, Ulica, NumerUlica, Miasto, IdStatusu) values (11, 'Bennie', 'Wake', '1106303156', 'Jackson', '24456', 'Allkaj', 3);
insert into KLIENT (IdKlienta, Imie, Nazwisko, NumerTelefonu, Ulica, NumerUlica, Miasto, IdStatusu) values (12, 'Ester', 'Molson', '9781043589', 'Annamark', '664', 'Padangpanjang', 4);
insert into KLIENT (IdKlienta, Imie, Nazwisko, NumerTelefonu, Ulica, NumerUlica, Miasto, IdStatusu) values (13, 'Gerick', 'Ubsdell', '5704084673', 'Tennessee', '9870', 'Uherské Hradiště', 1);
insert into KLIENT (IdKlienta, Imie, Nazwisko, NumerTelefonu, Ulica, NumerUlica, Miasto, IdStatusu) values (14, 'Gilberte', 'Retallick', '6439307525', 'Prairieview', '7', 'Dunmanway', 2);
insert into KLIENT (IdKlienta, Imie, Nazwisko, NumerTelefonu, Ulica, NumerUlica, Miasto, IdStatusu) values (15, 'Barnabas', 'Pechan', '2478613267', 'Division', '08', 'Olhão', 5);
insert into KLIENT (IdKlienta, Imie, Nazwisko, NumerTelefonu, Ulica, NumerUlica, Miasto, IdStatusu) values (16, 'Ava', 'Cherm', '3618040253', '3rd', '45', 'Dongming Chengguanzhen', 4);
insert into KLIENT (IdKlienta, Imie, Nazwisko, NumerTelefonu, Ulica, NumerUlica, Miasto, IdStatusu) values (17, 'Janos', 'Columbine', '7141757507', 'Duke', '1', 'Ramos West', 2);
insert into KLIENT (IdKlienta, Imie, Nazwisko, NumerTelefonu, Ulica, NumerUlica, Miasto, IdStatusu) values (18, 'Claudetta', 'Backman', '4895121256', 'Daystar', '502', 'Tampekan', 5);
insert into KLIENT (IdKlienta, Imie, Nazwisko, NumerTelefonu, Ulica, NumerUlica, Miasto, IdStatusu) values (19, 'Collete', 'Witheford', '6264746556', 'Express', '0171', 'Lombo Meão', 3);
insert into KLIENT (IdKlienta, Imie, Nazwisko, NumerTelefonu, Ulica, NumerUlica, Miasto, IdStatusu) values (20, 'Cheston', 'Pikesley', '6072789309', 'Fordem', '7', 'Fengyuan', 6);
insert into KLIENT (IdKlienta, Imie, Nazwisko, NumerTelefonu, Ulica, NumerUlica, Miasto, IdStatusu) values (21, 'Fayina', 'Karpol', '3541752908', 'East', '597', 'Motrico', 3);
insert into KLIENT (IdKlienta, Imie, Nazwisko, NumerTelefonu, Ulica, NumerUlica, Miasto, IdStatusu) values (22, 'Yvette', 'Plunket', '5305267171', 'Cambridge', '99795', 'Kangmei', 3);
insert into KLIENT (IdKlienta, Imie, Nazwisko, NumerTelefonu, Ulica, NumerUlica, Miasto, IdStatusu) values (23, 'Tedman', 'Craig', '8573396843', 'Walton', '5', 'Rumbek', 4);
insert into KLIENT (IdKlienta, Imie, Nazwisko, NumerTelefonu, Ulica, NumerUlica, Miasto, IdStatusu) values (24, 'Nial', 'Caddie', '9204187876', 'Northview', '7538', 'Libei', 4);
insert into KLIENT (IdKlienta, Imie, Nazwisko, NumerTelefonu, Ulica, NumerUlica, Miasto, IdStatusu) values (25, 'Fran', 'Fakes', '5593691374', 'Jenna', '6065', 'Rosso', 1);
insert into KLIENT (IdKlienta, Imie, Nazwisko, NumerTelefonu, Ulica, NumerUlica, Miasto, IdStatusu) values (26, 'Cass', 'Bather', '5432735932', 'Harbort', '46282', 'Chlewiska', 6);
insert into KLIENT (IdKlienta, Imie, Nazwisko, NumerTelefonu, Ulica, NumerUlica, Miasto, IdStatusu) values (27, 'Ariella', 'Herculson', '4981527932', 'Kedzie', '710', 'Buurhakaba', 5);
insert into KLIENT (IdKlienta, Imie, Nazwisko, NumerTelefonu, Ulica, NumerUlica, Miasto, IdStatusu) values (28, 'Dulcine', 'Hinks', '9527347650', 'Mariners Cove', '3582', 'Khawrah', 1);
insert into KLIENT (IdKlienta, Imie, Nazwisko, NumerTelefonu, Ulica, NumerUlica, Miasto, IdStatusu) values (29, 'Papagena', 'Hamblington', '5888289547', 'Reindahl', '804', 'Suwaru', 2);
insert into KLIENT (IdKlienta, Imie, Nazwisko, NumerTelefonu, Ulica, NumerUlica, Miasto, IdStatusu) values (30, 'York', 'Duggleby', '3326968543', 'Orin', '19', 'Ainaži', 5);
insert into KLIENT (IdKlienta, Imie, Nazwisko, NumerTelefonu, Ulica, NumerUlica, Miasto, IdStatusu) values (31, 'Erskine', 'Canny', '4118893631', 'Fordem', '9', 'Uruobo-Okija', 5);
insert into KLIENT (IdKlienta, Imie, Nazwisko, NumerTelefonu, Ulica, NumerUlica, Miasto, IdStatusu) values (32, 'Ezequiel', 'Laffoley-Lane', '1763508732', 'Tennessee', '918', 'Krasnyy Kholm', 3);
insert into KLIENT (IdKlienta, Imie, Nazwisko, NumerTelefonu, Ulica, NumerUlica, Miasto, IdStatusu) values (33, 'Hana', 'Mawdsley', '5238645391', 'Parkside', '2476', 'San Diego', 4);
insert into KLIENT (IdKlienta, Imie, Nazwisko, NumerTelefonu, Ulica, NumerUlica, Miasto, IdStatusu) values (34, 'Evy', 'Stanmer', '9329613266', 'Dunning', '27', 'Gaoqiao', 1);
insert into KLIENT (IdKlienta, Imie, Nazwisko, NumerTelefonu, Ulica, NumerUlica, Miasto, IdStatusu) values (35, 'Claybourne', 'McGinnell', '5571062794', 'Clove', '62', 'Paris 02', 1);
insert into KLIENT (IdKlienta, Imie, Nazwisko, NumerTelefonu, Ulica, NumerUlica, Miasto, IdStatusu) values (36, 'Armando', 'Lloyd-Williams', '8547754313', 'Oakridge', '4380', 'Sanjing', 1);
insert into KLIENT (IdKlienta, Imie, Nazwisko, NumerTelefonu, Ulica, NumerUlica, Miasto, IdStatusu) values (37, 'Pancho', 'Prenty', '9259744814', 'Wayridge', '7', 'Sandyford', 6);
insert into KLIENT (IdKlienta, Imie, Nazwisko, NumerTelefonu, Ulica, NumerUlica, Miasto, IdStatusu) values (38, 'Monika', 'Yacobsohn', '3581657458', 'Melody', '93', 'Picoto', 6);
insert into KLIENT (IdKlienta, Imie, Nazwisko, NumerTelefonu, Ulica, NumerUlica, Miasto, IdStatusu) values (39, 'Carolynn', 'Jaquest', '3052576364', 'Anthes', '041', 'Miami', 2);
insert into KLIENT (IdKlienta, Imie, Nazwisko, NumerTelefonu, Ulica, NumerUlica, Miasto, IdStatusu) values (40, 'Francesco', 'Linde', '7416060834', 'Weeping Birch', '19', 'Basarabeasca', 1);
insert into KLIENT (IdKlienta, Imie, Nazwisko, NumerTelefonu, Ulica, NumerUlica, Miasto, IdStatusu) values (41, 'Sampson', 'Longland', '9367689829', 'Golf View', '15471', 'Qiucun', 6);
insert into KLIENT (IdKlienta, Imie, Nazwisko, NumerTelefonu, Ulica, NumerUlica, Miasto, IdStatusu) values (42, 'Millie', 'Guyet', '1267201312', 'Dovetail', '4', 'Cabrero', 2);
insert into KLIENT (IdKlienta, Imie, Nazwisko, NumerTelefonu, Ulica, NumerUlica, Miasto, IdStatusu) values (43, 'Theressa', 'Balf', '1276427817', 'Dunning', '35', 'Xinzhuang', 1);
insert into KLIENT (IdKlienta, Imie, Nazwisko, NumerTelefonu, Ulica, NumerUlica, Miasto, IdStatusu) values (44, 'Pris', 'Swindells', '5218065472', 'Corry', '9', 'Szczawnica', 5);
insert into KLIENT (IdKlienta, Imie, Nazwisko, NumerTelefonu, Ulica, NumerUlica, Miasto, IdStatusu) values (45, 'Marwin', 'Emtage', '2522310374', 'Havey', '52', 'Svetlyy', 1);
insert into KLIENT (IdKlienta, Imie, Nazwisko, NumerTelefonu, Ulica, NumerUlica, Miasto, IdStatusu) values (46, 'Marj', 'Chasen', '1232233613', 'Welch', '513', 'Anping', 3);
insert into KLIENT (IdKlienta, Imie, Nazwisko, NumerTelefonu, Ulica, NumerUlica, Miasto, IdStatusu) values (47, 'Shelba', 'Goslin', '7974862984', 'Clemons', '211', 'Talangbetutu', 5);
insert into KLIENT (IdKlienta, Imie, Nazwisko, NumerTelefonu, Ulica, NumerUlica, Miasto, IdStatusu) values (48, 'Ethelbert', 'Kocher', '8934686795', 'Susan', '93', 'Batan', 4);
insert into KLIENT (IdKlienta, Imie, Nazwisko, NumerTelefonu, Ulica, NumerUlica, Miasto, IdStatusu) values (49, 'Roxane', 'Whinney', '7754023536', 'Novick', '3769', 'Eybens', 4);
insert into KLIENT (IdKlienta, Imie, Nazwisko, NumerTelefonu, Ulica, NumerUlica, Miasto, IdStatusu) values (50, 'Nils', 'Lidgate', '1923690210', 'Loftsgordon', '0', 'Sindou', 6);
insert into KLIENT (IdKlienta, Imie, Nazwisko, NumerTelefonu, Ulica, NumerUlica, Miasto, IdStatusu) values (51, 'Doll', 'Joincey', '7143077665', 'Morningstar', '4511', 'Marseille', 5);
insert into KLIENT (IdKlienta, Imie, Nazwisko, NumerTelefonu, Ulica, NumerUlica, Miasto, IdStatusu) values (52, 'Melicent', 'Killbey', '4236205535', 'Anhalt', '342', 'Baturité', 5);
insert into KLIENT (IdKlienta, Imie, Nazwisko, NumerTelefonu, Ulica, NumerUlica, Miasto, IdStatusu) values (53, 'Jocelin', 'Beetles', '2574066669', 'Fairfield', '39239', 'Mrozy', 5);
insert into KLIENT (IdKlienta, Imie, Nazwisko, NumerTelefonu, Ulica, NumerUlica, Miasto, IdStatusu) values (54, 'Durward', 'Warner', '4292574988', 'Twin Pines', '924', 'Opočno', 4);
insert into KLIENT (IdKlienta, Imie, Nazwisko, NumerTelefonu, Ulica, NumerUlica, Miasto, IdStatusu) values (55, 'Dani', 'Fontel', '6151472885', 'Kennedy', '191', 'Soca', 6);
insert into KLIENT (IdKlienta, Imie, Nazwisko, NumerTelefonu, Ulica, NumerUlica, Miasto, IdStatusu) values (56, 'Milissent', 'Boothebie', '2082972371', 'Ridgeview', '805', 'Ḑawrān ad Daydah', 4);
insert into KLIENT (IdKlienta, Imie, Nazwisko, NumerTelefonu, Ulica, NumerUlica, Miasto, IdStatusu) values (57, 'Leyla', 'Scherer', '6803534821', 'Bunker Hill', '91521', 'Thị Trấn Mỹ Lộc', 2);
insert into KLIENT (IdKlienta, Imie, Nazwisko, NumerTelefonu, Ulica, NumerUlica, Miasto, IdStatusu) values (58, 'Pattie', 'Klemmt', '8804903528', 'Lakewood Gardens', '44986', 'Datarkadu', 3);
insert into KLIENT (IdKlienta, Imie, Nazwisko, NumerTelefonu, Ulica, NumerUlica, Miasto, IdStatusu) values (59, 'Nicolea', 'Rainsdon', '3971138462', 'International', '9', 'Novyye Cherëmushki', 1);
insert into KLIENT (IdKlienta, Imie, Nazwisko, NumerTelefonu, Ulica, NumerUlica, Miasto, IdStatusu) values (60, 'Chery', 'Proudlove', '2081426341', 'Bay', '7749', 'Chandmanĭ', 1);
insert into KLIENT (IdKlienta, Imie, Nazwisko, NumerTelefonu, Ulica, NumerUlica, Miasto, IdStatusu) values (61, 'Damaris', 'Andresser', '4599220155', 'Walton', '53', 'Dukuhsia', 4);
insert into KLIENT (IdKlienta, Imie, Nazwisko, NumerTelefonu, Ulica, NumerUlica, Miasto, IdStatusu) values (62, 'Casandra', 'Caughey', '5056002475', 'La Follette', '2101', 'Fengjiang', 4);
insert into KLIENT (IdKlienta, Imie, Nazwisko, NumerTelefonu, Ulica, NumerUlica, Miasto, IdStatusu) values (63, 'Jerrie', 'Scalera', '2125315945', 'Hermina', '717', 'Yên Mỹ', 1);
insert into KLIENT (IdKlienta, Imie, Nazwisko, NumerTelefonu, Ulica, NumerUlica, Miasto, IdStatusu) values (64, 'Briana', 'McCall', '9426018931', 'Golden Leaf', '76577', 'Qingtaiping', 3);
insert into KLIENT (IdKlienta, Imie, Nazwisko, NumerTelefonu, Ulica, NumerUlica, Miasto, IdStatusu) values (65, 'Kendall', 'Cambridge', '3322646183', 'Grim', '506', 'Shekou', 1);
insert into KLIENT (IdKlienta, Imie, Nazwisko, NumerTelefonu, Ulica, NumerUlica, Miasto, IdStatusu) values (66, 'Maury', 'Marrington', '9058652293', 'Spohn', '4', 'Matwaḩ', 5);
insert into KLIENT (IdKlienta, Imie, Nazwisko, NumerTelefonu, Ulica, NumerUlica, Miasto, IdStatusu) values (67, 'Liana', 'Coviello', '4026087606', 'Fulton', '6847', 'Lincoln', 3);
insert into KLIENT (IdKlienta, Imie, Nazwisko, NumerTelefonu, Ulica, NumerUlica, Miasto, IdStatusu) values (68, 'Bryn', 'Candwell', '6441361243', 'Algoma', '3', 'Shankill', 2);
insert into KLIENT (IdKlienta, Imie, Nazwisko, NumerTelefonu, Ulica, NumerUlica, Miasto, IdStatusu) values (69, 'Stillman', 'Antonioni', '8684239117', 'Veith', '4109', 'Khuean Ubonrat', 4);
insert into KLIENT (IdKlienta, Imie, Nazwisko, NumerTelefonu, Ulica, NumerUlica, Miasto, IdStatusu) values (70, 'Hendrik', 'Moxsom', '5532597525', 'Loomis', '62698', 'Kaliska', 4);
insert into KLIENT (IdKlienta, Imie, Nazwisko, NumerTelefonu, Ulica, NumerUlica, Miasto, IdStatusu) values (71, 'Paton', 'MacGovern', '2878323526', 'Morningstar', '17584', 'Sísion', 2);
insert into KLIENT (IdKlienta, Imie, Nazwisko, NumerTelefonu, Ulica, NumerUlica, Miasto, IdStatusu) values (72, 'Mehetabel', 'Thorndycraft', '4775312026', 'Merry', '522', 'Xiaoruo', 2);
insert into KLIENT (IdKlienta, Imie, Nazwisko, NumerTelefonu, Ulica, NumerUlica, Miasto, IdStatusu) values (73, 'Chelsae', 'Pien', '7169488333', 'Summerview', '35', 'Lewodoli', 1);
insert into KLIENT (IdKlienta, Imie, Nazwisko, NumerTelefonu, Ulica, NumerUlica, Miasto, IdStatusu) values (74, 'Nicolis', 'Wilds', '5508702934', 'Cascade', '48', 'Bazhu', 6);
insert into KLIENT (IdKlienta, Imie, Nazwisko, NumerTelefonu, Ulica, NumerUlica, Miasto, IdStatusu) values (75, 'Shoshana', 'Limrick', '1209840022', 'Chive', '200', 'Bunigeulis', 4);
insert into KLIENT (IdKlienta, Imie, Nazwisko, NumerTelefonu, Ulica, NumerUlica, Miasto, IdStatusu) values (76, 'Giraud', 'Northrop', '5717676627', 'Ridge Oak', '8', 'Sabana Grande de Palenque', 4);
insert into KLIENT (IdKlienta, Imie, Nazwisko, NumerTelefonu, Ulica, NumerUlica, Miasto, IdStatusu) values (77, 'Hirsch', 'Hedworth', '7165999047', 'Maywood', '22', 'Montpellier', 1);
insert into KLIENT (IdKlienta, Imie, Nazwisko, NumerTelefonu, Ulica, NumerUlica, Miasto, IdStatusu) values (78, 'Clementia', 'Mokes', '6599927854', 'Utah', '25', 'Dobra', 5);
insert into KLIENT (IdKlienta, Imie, Nazwisko, NumerTelefonu, Ulica, NumerUlica, Miasto, IdStatusu) values (79, 'Dominik', 'Kenright', '5845878037', 'Stuart', '56216', 'Fichē', 1);
insert into KLIENT (IdKlienta, Imie, Nazwisko, NumerTelefonu, Ulica, NumerUlica, Miasto, IdStatusu) values (80, 'Dahlia', 'Crang', '4131818083', 'Talisman', '73', 'Coyaima', 3);
insert into KLIENT (IdKlienta, Imie, Nazwisko, NumerTelefonu, Ulica, NumerUlica, Miasto, IdStatusu) values (81, 'Harp', 'Issacson', '8196012779', 'Hayes', '1907', 'Jeminay', 6);
insert into KLIENT (IdKlienta, Imie, Nazwisko, NumerTelefonu, Ulica, NumerUlica, Miasto, IdStatusu) values (82, 'Harriet', 'Deeson', '8299671513', 'Hauk', '3794', 'Gapuk', 5);
insert into KLIENT (IdKlienta, Imie, Nazwisko, NumerTelefonu, Ulica, NumerUlica, Miasto, IdStatusu) values (83, 'Kati', 'Ferrarini', '5092548124', 'Bluejay', '730', 'Juntang', 1);
insert into KLIENT (IdKlienta, Imie, Nazwisko, NumerTelefonu, Ulica, NumerUlica, Miasto, IdStatusu) values (84, 'Andreas', 'Echalier', '1193279818', 'Oxford', '95', 'Kadengan', 4);
insert into KLIENT (IdKlienta, Imie, Nazwisko, NumerTelefonu, Ulica, NumerUlica, Miasto, IdStatusu) values (85, 'Nadine', 'Batisse', '6699280127', 'International', '9964', 'Maoya', 4);
insert into KLIENT (IdKlienta, Imie, Nazwisko, NumerTelefonu, Ulica, NumerUlica, Miasto, IdStatusu) values (86, 'Linette', 'Batchelder', '4047211827', 'Armistice', '956', 'Turgenevo', 3);
insert into KLIENT (IdKlienta, Imie, Nazwisko, NumerTelefonu, Ulica, NumerUlica, Miasto, IdStatusu) values (87, 'Hakeem', 'Cawthery', '2958732721', 'Dennis', '567', 'Elekmonar', 5);
insert into KLIENT (IdKlienta, Imie, Nazwisko, NumerTelefonu, Ulica, NumerUlica, Miasto, IdStatusu) values (88, 'Woodrow', 'Hanniger', '7788166944', 'Spohn', '36', 'Tunbao', 5);
insert into KLIENT (IdKlienta, Imie, Nazwisko, NumerTelefonu, Ulica, NumerUlica, Miasto, IdStatusu) values (89, 'Debor', 'Derrick', '7834021757', 'Milwaukee', '504', 'Avignon', 5);
insert into KLIENT (IdKlienta, Imie, Nazwisko, NumerTelefonu, Ulica, NumerUlica, Miasto, IdStatusu) values (90, 'Derick', 'MacIlhagga', '7638026581', 'Paget', '96857', 'Turośń Kościelna', 1);
insert into KLIENT (IdKlienta, Imie, Nazwisko, NumerTelefonu, Ulica, NumerUlica, Miasto, IdStatusu) values (91, 'Verna', 'Bonifazio', '7602246592', 'Del Mar', '559', 'Waitangi', 2);
insert into KLIENT (IdKlienta, Imie, Nazwisko, NumerTelefonu, Ulica, NumerUlica, Miasto, IdStatusu) values (92, 'Kaye', 'MacCook', '3069261407', 'Florence', '75606', 'Pingpu', 2);
insert into KLIENT (IdKlienta, Imie, Nazwisko, NumerTelefonu, Ulica, NumerUlica, Miasto, IdStatusu) values (93, 'Barbey', 'Danton', '2877742405', 'Dennis', '90939', 'Tongbang', 5);
insert into KLIENT (IdKlienta, Imie, Nazwisko, NumerTelefonu, Ulica, NumerUlica, Miasto, IdStatusu) values (94, 'Giorgi', 'Bamlett', '7998368466', 'Dexter', '98457', 'Sofo-Birnin-Gwari', 5);
insert into KLIENT (IdKlienta, Imie, Nazwisko, NumerTelefonu, Ulica, NumerUlica, Miasto, IdStatusu) values (95, 'Alphard', 'Ceillier', '9152582177', 'Morrow', '04', 'Sangojar', 3);
insert into KLIENT (IdKlienta, Imie, Nazwisko, NumerTelefonu, Ulica, NumerUlica, Miasto, IdStatusu) values (96, 'Tad', 'Ceccoli', '1131083957', 'Helena', '0', 'Sindanghayu', 1);
insert into KLIENT (IdKlienta, Imie, Nazwisko, NumerTelefonu, Ulica, NumerUlica, Miasto, IdStatusu) values (97, 'Bartlet', 'Platts', '1654440370', 'Fisk', '2587', 'Trần Văn Thời', 3);
insert into KLIENT (IdKlienta, Imie, Nazwisko, NumerTelefonu, Ulica, NumerUlica, Miasto, IdStatusu) values (98, 'Blondy', 'Ateggart', '9691959532', 'Vera', '682', 'Macklin', 6);
insert into KLIENT (IdKlienta, Imie, Nazwisko, NumerTelefonu, Ulica, NumerUlica, Miasto, IdStatusu) values (99, 'Layla', 'Simenel', '2657567729', 'John Wall', '654', 'Jacutinga', 3);
insert into KLIENT (IdKlienta, Imie, Nazwisko, NumerTelefonu, Ulica, NumerUlica, Miasto, IdStatusu) values (100, 'Stefa', 'Stubbley', '2884753919', 'Truax', '64', 'Brześć Kujawski', 3);
insert into KLIENT (IdKlienta, Imie, Nazwisko, NumerTelefonu, Ulica, NumerUlica, Miasto, IdStatusu) values (101, 'Riki', 'Doogue', '1724250169', 'Leroy', '6', 'Ozubulu', 1);
insert into KLIENT (IdKlienta, Imie, Nazwisko, NumerTelefonu, Ulica, NumerUlica, Miasto, IdStatusu) values (102, 'Tamar', 'Dabs', '2467762333', 'Hayes', '58474', 'Xinxing', 6);
insert into KLIENT (IdKlienta, Imie, Nazwisko, NumerTelefonu, Ulica, NumerUlica, Miasto, IdStatusu) values (103, 'Humphrey', 'Deelay', '3217254961', 'Schmedeman', '545', 'Chaniá', 6);
insert into KLIENT (IdKlienta, Imie, Nazwisko, NumerTelefonu, Ulica, NumerUlica, Miasto, IdStatusu) values (104, 'Johnath', 'Western', '6836361856', 'Moose', '5', 'Bojszowy Nowe', 2);
insert into KLIENT (IdKlienta, Imie, Nazwisko, NumerTelefonu, Ulica, NumerUlica, Miasto, IdStatusu) values (105, 'Seana', 'Monelle', '4324697862', 'Crest Line', '02214', 'Tieremu', 2);
insert into KLIENT (IdKlienta, Imie, Nazwisko, NumerTelefonu, Ulica, NumerUlica, Miasto, IdStatusu) values (106, 'Dicky', 'Colomb', '9791937144', 'Commercial', '6176', 'Horní Cerekev', 5);
insert into KLIENT (IdKlienta, Imie, Nazwisko, NumerTelefonu, Ulica, NumerUlica, Miasto, IdStatusu) values (107, 'Alene', 'Hudghton', '8913084825', 'Russell', '91', 'Quinchía', 3);
insert into KLIENT (IdKlienta, Imie, Nazwisko, NumerTelefonu, Ulica, NumerUlica, Miasto, IdStatusu) values (108, 'Elinore', 'Sarl', '8286603610', 'Corry', '41', 'Iba', 6);
insert into KLIENT (IdKlienta, Imie, Nazwisko, NumerTelefonu, Ulica, NumerUlica, Miasto, IdStatusu) values (109, 'Shelbi', 'Tumbridge', '1955796172', 'Jenifer', '976', 'Taoyao', 1);
insert into KLIENT (IdKlienta, Imie, Nazwisko, NumerTelefonu, Ulica, NumerUlica, Miasto, IdStatusu) values (110, 'Chiquia', 'Lynthal', '4188364494', 'Schiller', '62986', 'Xuelu', 2);
insert into KLIENT (IdKlienta, Imie, Nazwisko, NumerTelefonu, Ulica, NumerUlica, Miasto, IdStatusu) values (111, 'Flossy', 'Johnsee', '8982097196', 'Kim', '9', 'Huaccana', 3);
insert into KLIENT (IdKlienta, Imie, Nazwisko, NumerTelefonu, Ulica, NumerUlica, Miasto, IdStatusu) values (112, 'Donal', 'Millgate', '8082363883', 'Lakeland', '5860', 'Sidem', 4);
insert into KLIENT (IdKlienta, Imie, Nazwisko, NumerTelefonu, Ulica, NumerUlica, Miasto, IdStatusu) values (113, 'Fletcher', 'Rouge', '8159492529', 'Oriole', '28892', 'Si Thep', 2);
insert into KLIENT (IdKlienta, Imie, Nazwisko, NumerTelefonu, Ulica, NumerUlica, Miasto, IdStatusu) values (114, 'Dag', 'Ferrelli', '9081429222', 'Park Meadow', '385', 'Huibu', 2);
insert into KLIENT (IdKlienta, Imie, Nazwisko, NumerTelefonu, Ulica, NumerUlica, Miasto, IdStatusu) values (115, 'Leola', 'Drane', '2933287009', 'Welch', '6387', 'Karapyshi', 5);
insert into KLIENT (IdKlienta, Imie, Nazwisko, NumerTelefonu, Ulica, NumerUlica, Miasto, IdStatusu) values (116, 'Jethro', 'Kabos', '4906779232', 'Stuart', '85685', 'Rakitovo', 2);
insert into KLIENT (IdKlienta, Imie, Nazwisko, NumerTelefonu, Ulica, NumerUlica, Miasto, IdStatusu) values (117, 'Gregoire', 'Earley', '2264203338', 'Sugar', '3904', 'Foluo', 5);
insert into KLIENT (IdKlienta, Imie, Nazwisko, NumerTelefonu, Ulica, NumerUlica, Miasto, IdStatusu) values (118, 'Brandice', 'Gillinghams', '1514038103', 'Mariners Cove', '7399', 'Maumbawa', 1);
insert into KLIENT (IdKlienta, Imie, Nazwisko, NumerTelefonu, Ulica, NumerUlica, Miasto, IdStatusu) values (119, 'Logan', 'Hamsley', '9487770621', 'Ronald Regan', '9', 'Nangakeo', 6);
insert into KLIENT (IdKlienta, Imie, Nazwisko, NumerTelefonu, Ulica, NumerUlica, Miasto, IdStatusu) values (120, 'Connor', 'Plowright', '6469319330', '8th', '373', 'Kamyzyak', 3);
insert into KLIENT (IdKlienta, Imie, Nazwisko, NumerTelefonu, Ulica, NumerUlica, Miasto, IdStatusu) values (121, 'Kevon', 'Shipley', '4414971950', 'Beilfuss', '8810', 'Hachiōji', 6);
insert into KLIENT (IdKlienta, Imie, Nazwisko, NumerTelefonu, Ulica, NumerUlica, Miasto, IdStatusu) values (122, 'Caldwell', 'Agius', '7933121771', 'Eggendart', '5', 'Redakodi', 5);
insert into KLIENT (IdKlienta, Imie, Nazwisko, NumerTelefonu, Ulica, NumerUlica, Miasto, IdStatusu) values (123, 'Clari', 'Vedekhov', '4039225348', 'Ryan', '22362', 'Rabah', 4);
insert into KLIENT (IdKlienta, Imie, Nazwisko, NumerTelefonu, Ulica, NumerUlica, Miasto, IdStatusu) values (124, 'Mozelle', 'Husband', '8361320071', 'Ramsey', '70', 'Los Santos', 4);
insert into KLIENT (IdKlienta, Imie, Nazwisko, NumerTelefonu, Ulica, NumerUlica, Miasto, IdStatusu) values (125, 'Gerome', 'Hakeworth', '6605500070', 'Huxley', '42632', 'Ōsaka-shi', 1);
insert into KLIENT (IdKlienta, Imie, Nazwisko, NumerTelefonu, Ulica, NumerUlica, Miasto, IdStatusu) values (126, 'Rubetta', 'Veazey', '4167775230', 'Memorial', '3', 'Bula', 3);
insert into KLIENT (IdKlienta, Imie, Nazwisko, NumerTelefonu, Ulica, NumerUlica, Miasto, IdStatusu) values (127, 'Griffie', 'Houston', '8763945309', '2nd', '1301', 'Ljubešćica', 5);
insert into KLIENT (IdKlienta, Imie, Nazwisko, NumerTelefonu, Ulica, NumerUlica, Miasto, IdStatusu) values (128, 'Carmella', 'Angric', '7352047938', 'Knutson', '7188', 'São Gotardo', 6);
insert into KLIENT (IdKlienta, Imie, Nazwisko, NumerTelefonu, Ulica, NumerUlica, Miasto, IdStatusu) values (129, 'Tybalt', 'Maciak', '8438461520', 'Farragut', '3006', 'Pinghu', 3);
insert into KLIENT (IdKlienta, Imie, Nazwisko, NumerTelefonu, Ulica, NumerUlica, Miasto, IdStatusu) values (130, 'Iormina', 'Handley', '9365036632', 'Parkside', '24', 'Heshui', 4);
insert into KLIENT (IdKlienta, Imie, Nazwisko, NumerTelefonu, Ulica, NumerUlica, Miasto, IdStatusu) values (131, 'Loraine', 'Gabriely', '6162072665', 'Derek', '57661', 'Kamiennik', 2);
insert into KLIENT (IdKlienta, Imie, Nazwisko, NumerTelefonu, Ulica, NumerUlica, Miasto, IdStatusu) values (132, 'Milissent', 'Pellett', '8878493587', 'Graceland', '38071', 'Alegria', 5);
insert into KLIENT (IdKlienta, Imie, Nazwisko, NumerTelefonu, Ulica, NumerUlica, Miasto, IdStatusu) values (133, 'Bank', 'Hazeldean', '7003156959', 'Hintze', '6', 'Klimontów', 2);
insert into KLIENT (IdKlienta, Imie, Nazwisko, NumerTelefonu, Ulica, NumerUlica, Miasto, IdStatusu) values (134, 'Abigale', 'Lenard', '1046258980', 'Buell', '06315', 'Radiměř', 5);
insert into KLIENT (IdKlienta, Imie, Nazwisko, NumerTelefonu, Ulica, NumerUlica, Miasto, IdStatusu) values (135, 'Elvis', 'Cartlidge', '3091793435', 'Thackeray', '5815', 'Portalegre', 3);
insert into KLIENT (IdKlienta, Imie, Nazwisko, NumerTelefonu, Ulica, NumerUlica, Miasto, IdStatusu) values (136, 'Dionysus', 'Grasser', '3529341579', 'Calypso', '18', 'Nenotes', 5);
insert into KLIENT (IdKlienta, Imie, Nazwisko, NumerTelefonu, Ulica, NumerUlica, Miasto, IdStatusu) values (137, 'Kari', 'Rivalland', '6813982604', 'Waywood', '017', 'Hisings Kärra', 1);
insert into KLIENT (IdKlienta, Imie, Nazwisko, NumerTelefonu, Ulica, NumerUlica, Miasto, IdStatusu) values (138, 'Ned', 'Biesterfeld', '7268127892', 'Ryan', '921', 'Tulsīpur', 2);
insert into KLIENT (IdKlienta, Imie, Nazwisko, NumerTelefonu, Ulica, NumerUlica, Miasto, IdStatusu) values (139, 'Carlyle', 'Paragreen', '6689487022', 'Park Meadow', '19', 'Pakokku', 4);
insert into KLIENT (IdKlienta, Imie, Nazwisko, NumerTelefonu, Ulica, NumerUlica, Miasto, IdStatusu) values (140, 'Maura', 'Cantillon', '3404879730', 'Scofield', '431', 'Independencia', 1);
insert into KLIENT (IdKlienta, Imie, Nazwisko, NumerTelefonu, Ulica, NumerUlica, Miasto, IdStatusu) values (141, 'Wilt', 'Brockton', '7586762365', 'Alpine', '885', 'Maunuri', 4);
insert into KLIENT (IdKlienta, Imie, Nazwisko, NumerTelefonu, Ulica, NumerUlica, Miasto, IdStatusu) values (142, 'Willie', 'Goolden', '6596018845', 'Bultman', '41913', 'Fangshan', 3);
insert into KLIENT (IdKlienta, Imie, Nazwisko, NumerTelefonu, Ulica, NumerUlica, Miasto, IdStatusu) values (143, 'Timothea', 'Plitz', '5059730312', 'Mcguire', '35', 'Gorodishche', 5);
insert into KLIENT (IdKlienta, Imie, Nazwisko, NumerTelefonu, Ulica, NumerUlica, Miasto, IdStatusu) values (144, 'Tad', 'Trappe', '4137940371', 'Mitchell', '5017', 'Phak Hai', 4);
insert into KLIENT (IdKlienta, Imie, Nazwisko, NumerTelefonu, Ulica, NumerUlica, Miasto, IdStatusu) values (145, 'Phyllys', 'Guilliland', '5513137624', 'Vera', '7', 'Piracanjuba', 2);
insert into KLIENT (IdKlienta, Imie, Nazwisko, NumerTelefonu, Ulica, NumerUlica, Miasto, IdStatusu) values (146, 'Matthus', 'Sharram', '2943831516', 'Ohio', '388', 'Lucija', 6);
insert into KLIENT (IdKlienta, Imie, Nazwisko, NumerTelefonu, Ulica, NumerUlica, Miasto, IdStatusu) values (147, 'Yurik', 'Haines', '9162004563', 'Moulton', '59', 'Handa', 3);
insert into KLIENT (IdKlienta, Imie, Nazwisko, NumerTelefonu, Ulica, NumerUlica, Miasto, IdStatusu) values (148, 'Grover', 'Pally', '6009867198', 'Lerdahl', '174', 'Liuhe', 4);
insert into KLIENT (IdKlienta, Imie, Nazwisko, NumerTelefonu, Ulica, NumerUlica, Miasto, IdStatusu) values (149, 'Alley', 'Henaughan', '4135291455', 'Truax', '80490', 'Linglong', 1);
insert into KLIENT (IdKlienta, Imie, Nazwisko, NumerTelefonu, Ulica, NumerUlica, Miasto, IdStatusu) values (150, 'Kelvin', 'Charrington', '6247654372', 'Golden Leaf', '704', 'Paris La Défense', 6);
insert into KLIENT (IdKlienta, Imie, Nazwisko, NumerTelefonu, Ulica, NumerUlica, Miasto, IdStatusu) values (151, 'Thorvald', 'Slisby', '6645078507', 'Village', '7609', 'Hulín', 4);
insert into KLIENT (IdKlienta, Imie, Nazwisko, NumerTelefonu, Ulica, NumerUlica, Miasto, IdStatusu) values (152, 'Pepillo', 'Runciman', '3964635815', 'Quincy', '902', 'Tashkent', 3);
insert into KLIENT (IdKlienta, Imie, Nazwisko, NumerTelefonu, Ulica, NumerUlica, Miasto, IdStatusu) values (153, 'Laina', 'Attwooll', '4529053605', 'Ruskin', '0672', 'Tehrān', 2);
insert into KLIENT (IdKlienta, Imie, Nazwisko, NumerTelefonu, Ulica, NumerUlica, Miasto, IdStatusu) values (154, 'Elyn', 'Elvin', '2103143702', 'Northport', '8949', 'Satipo', 5);
insert into KLIENT (IdKlienta, Imie, Nazwisko, NumerTelefonu, Ulica, NumerUlica, Miasto, IdStatusu) values (155, 'Ly', 'Petyanin', '5442980848', 'Lunder', '90', 'Telmin Suma', 2);
insert into KLIENT (IdKlienta, Imie, Nazwisko, NumerTelefonu, Ulica, NumerUlica, Miasto, IdStatusu) values (156, 'Shea', 'McFaell', '1558404137', 'Clarendon', '98760', 'Calais', 5);
insert into KLIENT (IdKlienta, Imie, Nazwisko, NumerTelefonu, Ulica, NumerUlica, Miasto, IdStatusu) values (157, 'Taddeo', 'McGennis', '8845958067', 'Hanson', '3', 'Węgierska Górka', 4);
insert into KLIENT (IdKlienta, Imie, Nazwisko, NumerTelefonu, Ulica, NumerUlica, Miasto, IdStatusu) values (158, 'Quinn', 'Clayal', '8189187366', 'Maple Wood', '480', 'Daxing', 6);
insert into KLIENT (IdKlienta, Imie, Nazwisko, NumerTelefonu, Ulica, NumerUlica, Miasto, IdStatusu) values (159, 'Silvan', 'Comfort', '4685795523', 'Buhler', '64767', 'Hongqiao', 1);
insert into KLIENT (IdKlienta, Imie, Nazwisko, NumerTelefonu, Ulica, NumerUlica, Miasto, IdStatusu) values (160, 'Dorella', 'Peer', '4164977824', 'Dixon', '09', 'Russkiy', 6);
insert into KLIENT (IdKlienta, Imie, Nazwisko, NumerTelefonu, Ulica, NumerUlica, Miasto, IdStatusu) values (161, 'Alain', 'Butt', '2079570417', 'Ohio', '87217', 'Port Glaud', 2);
insert into KLIENT (IdKlienta, Imie, Nazwisko, NumerTelefonu, Ulica, NumerUlica, Miasto, IdStatusu) values (162, 'William', 'Inder', '6871573429', 'Drewry', '57627', 'Charat', 1);
insert into KLIENT (IdKlienta, Imie, Nazwisko, NumerTelefonu, Ulica, NumerUlica, Miasto, IdStatusu) values (163, 'Doralynne', 'Spensley', '1791641904', 'Corry', '2264', 'Kurmuk', 2);
insert into KLIENT (IdKlienta, Imie, Nazwisko, NumerTelefonu, Ulica, NumerUlica, Miasto, IdStatusu) values (164, 'Gleda', 'Lease', '9154311712', 'Sutteridge', '60641', 'Banaran', 5);
insert into KLIENT (IdKlienta, Imie, Nazwisko, NumerTelefonu, Ulica, NumerUlica, Miasto, IdStatusu) values (165, 'Giacomo', 'Biner', '2402837989', 'Armistice', '13', 'Bentar', 5);
insert into KLIENT (IdKlienta, Imie, Nazwisko, NumerTelefonu, Ulica, NumerUlica, Miasto, IdStatusu) values (166, 'Sukey', 'Mateescu', '3555775855', 'Morning', '4412', 'Tabuc Pontevedra', 4);
insert into KLIENT (IdKlienta, Imie, Nazwisko, NumerTelefonu, Ulica, NumerUlica, Miasto, IdStatusu) values (167, 'Magdalen', 'Mowsley', '5166311831', 'Comanche', '67', 'Mori', 3);
insert into KLIENT (IdKlienta, Imie, Nazwisko, NumerTelefonu, Ulica, NumerUlica, Miasto, IdStatusu) values (168, 'Chantal', 'Huncoot', '3494006155', 'Pierstorff', '2867', 'Tuguanpu', 4);
insert into KLIENT (IdKlienta, Imie, Nazwisko, NumerTelefonu, Ulica, NumerUlica, Miasto, IdStatusu) values (169, 'Ceciley', 'Snook', '9474431789', 'Loftsgordon', '44', 'Villejuif', 6);
insert into KLIENT (IdKlienta, Imie, Nazwisko, NumerTelefonu, Ulica, NumerUlica, Miasto, IdStatusu) values (170, 'Gerick', 'Shalliker', '6867069801', 'Scofield', '048', 'Lumphăt', 4);
insert into KLIENT (IdKlienta, Imie, Nazwisko, NumerTelefonu, Ulica, NumerUlica, Miasto, IdStatusu) values (171, 'Gan', 'Dooland', '1418200709', 'Northland', '9383', 'Zhonghouhe', 6);
insert into KLIENT (IdKlienta, Imie, Nazwisko, NumerTelefonu, Ulica, NumerUlica, Miasto, IdStatusu) values (172, 'Analiese', 'Graeber', '9675843111', 'Bobwhite', '190', 'Gazimurskiy Zavod', 6);
insert into KLIENT (IdKlienta, Imie, Nazwisko, NumerTelefonu, Ulica, NumerUlica, Miasto, IdStatusu) values (173, 'Nike', 'Kasting', '4169418801', 'Lien', '93', 'Gostynin', 3);
insert into KLIENT (IdKlienta, Imie, Nazwisko, NumerTelefonu, Ulica, NumerUlica, Miasto, IdStatusu) values (174, 'Faith', 'Lehenmann', '3077523675', 'Lunder', '53033', 'Lianhe', 2);
insert into KLIENT (IdKlienta, Imie, Nazwisko, NumerTelefonu, Ulica, NumerUlica, Miasto, IdStatusu) values (175, 'Obediah', 'Nanelli', '2026910672', 'Eggendart', '32', 'Jiefu', 5);
insert into KLIENT (IdKlienta, Imie, Nazwisko, NumerTelefonu, Ulica, NumerUlica, Miasto, IdStatusu) values (176, 'Laurie', 'Androletti', '9011980189', 'Farmco', '943', 'Město', 2);
insert into KLIENT (IdKlienta, Imie, Nazwisko, NumerTelefonu, Ulica, NumerUlica, Miasto, IdStatusu) values (177, 'Mathian', 'Assante', '5861629608', 'Hallows', '71098', 'Ukata', 6);
insert into KLIENT (IdKlienta, Imie, Nazwisko, NumerTelefonu, Ulica, NumerUlica, Miasto, IdStatusu) values (178, 'Yetty', 'Wilkinson', '9554226463', 'Marcy', '22910', 'Itapaci', 4);
insert into KLIENT (IdKlienta, Imie, Nazwisko, NumerTelefonu, Ulica, NumerUlica, Miasto, IdStatusu) values (179, 'Etan', 'Birdwistle', '2025925599', 'Johnson', '21200', 'Washington', 6);
insert into KLIENT (IdKlienta, Imie, Nazwisko, NumerTelefonu, Ulica, NumerUlica, Miasto, IdStatusu) values (180, 'Torrie', 'Menier', '5804425113', 'Cody', '80575', 'Zhouji', 1);
insert into KLIENT (IdKlienta, Imie, Nazwisko, NumerTelefonu, Ulica, NumerUlica, Miasto, IdStatusu) values (181, 'Gerick', 'Potes', '2012403316', 'Logan', '6', 'Shouchang', 4);
insert into KLIENT (IdKlienta, Imie, Nazwisko, NumerTelefonu, Ulica, NumerUlica, Miasto, IdStatusu) values (182, 'Constantina', 'Cafferky', '3515409489', 'Towne', '4', 'Luis Donaldo Colosio', 3);
insert into KLIENT (IdKlienta, Imie, Nazwisko, NumerTelefonu, Ulica, NumerUlica, Miasto, IdStatusu) values (183, 'Wilmar', 'Roskilly', '9082344817', 'Tomscot', '7590', 'Kukur', 1);
insert into KLIENT (IdKlienta, Imie, Nazwisko, NumerTelefonu, Ulica, NumerUlica, Miasto, IdStatusu) values (184, 'Jean', 'Birk', '6219907760', 'Moose', '5479', 'Ganhe', 5);
insert into KLIENT (IdKlienta, Imie, Nazwisko, NumerTelefonu, Ulica, NumerUlica, Miasto, IdStatusu) values (185, 'Syman', 'Goatman', '9389072692', '1st', '9', 'Peachland', 5);
insert into KLIENT (IdKlienta, Imie, Nazwisko, NumerTelefonu, Ulica, NumerUlica, Miasto, IdStatusu) values (186, 'Gary', 'Gian', '4849292606', 'Sachs', '82', 'Santa Lucia', 3);
insert into KLIENT (IdKlienta, Imie, Nazwisko, NumerTelefonu, Ulica, NumerUlica, Miasto, IdStatusu) values (187, 'Andonis', 'Buckie', '6658899113', 'Longview', '0301', 'Fangxiang', 3);
insert into KLIENT (IdKlienta, Imie, Nazwisko, NumerTelefonu, Ulica, NumerUlica, Miasto, IdStatusu) values (188, 'Cyndy', 'Trevena', '7773652533', 'Thompson', '96', 'Genteng', 1);
insert into KLIENT (IdKlienta, Imie, Nazwisko, NumerTelefonu, Ulica, NumerUlica, Miasto, IdStatusu) values (189, 'Effie', 'Gerritzen', '3017797670', 'Beilfuss', '546', 'Ngala', 5);
insert into KLIENT (IdKlienta, Imie, Nazwisko, NumerTelefonu, Ulica, NumerUlica, Miasto, IdStatusu) values (190, 'Tedie', 'Kirrage', '9727035777', 'Donald', '753', 'Clones', 3);
insert into KLIENT (IdKlienta, Imie, Nazwisko, NumerTelefonu, Ulica, NumerUlica, Miasto, IdStatusu) values (191, 'Ches', 'Iglesias', '9867411307', 'Sommers', '292', 'Rodniki', 6);
insert into KLIENT (IdKlienta, Imie, Nazwisko, NumerTelefonu, Ulica, NumerUlica, Miasto, IdStatusu) values (192, 'Paulette', 'Sleight', '8563300958', 'Hazelcrest', '84', 'Calachuchi', 2);
insert into KLIENT (IdKlienta, Imie, Nazwisko, NumerTelefonu, Ulica, NumerUlica, Miasto, IdStatusu) values (193, 'Agnesse', 'Siddeley', '8653191176', 'Clemons', '1', 'Vila Velha de Ródão', 5);
insert into KLIENT (IdKlienta, Imie, Nazwisko, NumerTelefonu, Ulica, NumerUlica, Miasto, IdStatusu) values (194, 'Brandon', 'MacMenemy', '4032556357', 'Londonderry', '346', 'Tsukumiura', 5);
insert into KLIENT (IdKlienta, Imie, Nazwisko, NumerTelefonu, Ulica, NumerUlica, Miasto, IdStatusu) values (195, 'Suzanne', 'Eeles', '6234066948', 'Sauthoff', '0', 'Tazemmourt', 6);
insert into KLIENT (IdKlienta, Imie, Nazwisko, NumerTelefonu, Ulica, NumerUlica, Miasto, IdStatusu) values (196, 'Jocelin', 'Bricknell', '3703827719', 'Shasta', '0', 'Yingchuan', 6);
insert into KLIENT (IdKlienta, Imie, Nazwisko, NumerTelefonu, Ulica, NumerUlica, Miasto, IdStatusu) values (197, 'Lydie', 'Keiling', '4144721728', 'Dunning', '5135', 'Mineiros', 3);
insert into KLIENT (IdKlienta, Imie, Nazwisko, NumerTelefonu, Ulica, NumerUlica, Miasto, IdStatusu) values (198, 'Grantham', 'Grevel', '1572334381', '3rd', '8', 'Sanli', 6);
insert into KLIENT (IdKlienta, Imie, Nazwisko, NumerTelefonu, Ulica, NumerUlica, Miasto, IdStatusu) values (199, 'Fairlie', 'Membry', '8525853727', 'Knutson', '0', 'Evijärvi', 5);
insert into KLIENT (IdKlienta, Imie, Nazwisko, NumerTelefonu, Ulica, NumerUlica, Miasto, IdStatusu) values (200, 'Loydie', 'Bonifazio', '8459252299', 'Arizona', '7536', 'Nova Era', 4);


insert into REZERWACJA (IdRezerwacji, DataRezerwacji, PoczatekPobytu, KoniecPobytu, IdKlienta, IdPokoju, IdHotelu) values (1, '1/11/2020', '7/18/2020', '5/19/2015', 69, 34, 4);
insert into REZERWACJA (IdRezerwacji, DataRezerwacji, PoczatekPobytu, KoniecPobytu, IdKlienta, IdPokoju, IdHotelu) values (2, '1/4/2016', '8/18/2019', '12/3/2019', 7, 176, 12);
insert into REZERWACJA (IdRezerwacji, DataRezerwacji, PoczatekPobytu, KoniecPobytu, IdKlienta, IdPokoju, IdHotelu) values (3, '6/24/2017', '1/23/2017', '2/10/2021', 18, 67, 10);
insert into REZERWACJA (IdRezerwacji, DataRezerwacji, PoczatekPobytu, KoniecPobytu, IdKlienta, IdPokoju, IdHotelu) values (4, '10/5/2016', '5/9/2020', '8/3/2015', 76, 39, 12);
insert into REZERWACJA (IdRezerwacji, DataRezerwacji, PoczatekPobytu, KoniecPobytu, IdKlienta, IdPokoju, IdHotelu) values (5, '5/31/2015', '7/4/2021', '9/13/2021', 172, 180, 9);
insert into REZERWACJA (IdRezerwacji, DataRezerwacji, PoczatekPobytu, KoniecPobytu, IdKlienta, IdPokoju, IdHotelu) values (6, '5/14/2019', '7/13/2020', '5/2/2019', 123, 43, 7);
insert into REZERWACJA (IdRezerwacji, DataRezerwacji, PoczatekPobytu, KoniecPobytu, IdKlienta, IdPokoju, IdHotelu) values (7, '10/8/2015', '3/23/2016', '1/28/2022', 61, 22, 11);
insert into REZERWACJA (IdRezerwacji, DataRezerwacji, PoczatekPobytu, KoniecPobytu, IdKlienta, IdPokoju, IdHotelu) values (8, '4/23/2016', '12/6/2021', '9/10/2021', 2, 14, 7);
insert into REZERWACJA (IdRezerwacji, DataRezerwacji, PoczatekPobytu, KoniecPobytu, IdKlienta, IdPokoju, IdHotelu) values (9, '9/16/2017', '2/2/2017', '2/5/2022', 104, 27, 9);
insert into REZERWACJA (IdRezerwacji, DataRezerwacji, PoczatekPobytu, KoniecPobytu, IdKlienta, IdPokoju, IdHotelu) values (10, '6/8/2016', '6/13/2015', '8/29/2017', 58, 73, 4);
insert into REZERWACJA (IdRezerwacji, DataRezerwacji, PoczatekPobytu, KoniecPobytu, IdKlienta, IdPokoju, IdHotelu) values (11, '9/2/2019', '10/28/2019', '11/6/2017', 125, 192, 7);
insert into REZERWACJA (IdRezerwacji, DataRezerwacji, PoczatekPobytu, KoniecPobytu, IdKlienta, IdPokoju, IdHotelu) values (12, '12/29/2017', '9/1/2018', '1/18/2016', 142, 5, 7);
insert into REZERWACJA (IdRezerwacji, DataRezerwacji, PoczatekPobytu, KoniecPobytu, IdKlienta, IdPokoju, IdHotelu) values (13, '7/11/2015', '9/28/2018', '4/20/2017', 142, 80, 13);
insert into REZERWACJA (IdRezerwacji, DataRezerwacji, PoczatekPobytu, KoniecPobytu, IdKlienta, IdPokoju, IdHotelu) values (14, '4/19/2015', '6/18/2019', '8/31/2021', 109, 116, 1);
insert into REZERWACJA (IdRezerwacji, DataRezerwacji, PoczatekPobytu, KoniecPobytu, IdKlienta, IdPokoju, IdHotelu) values (15, '10/27/2019', '6/24/2015', '5/17/2021', 72, 20, 4);
insert into REZERWACJA (IdRezerwacji, DataRezerwacji, PoczatekPobytu, KoniecPobytu, IdKlienta, IdPokoju, IdHotelu) values (16, '8/21/2021', '6/3/2020', '8/26/2018', 4, 145, 8);
insert into REZERWACJA (IdRezerwacji, DataRezerwacji, PoczatekPobytu, KoniecPobytu, IdKlienta, IdPokoju, IdHotelu) values (17, '2/4/2019', '12/4/2020', '6/5/2016', 160, 98, 13);
insert into REZERWACJA (IdRezerwacji, DataRezerwacji, PoczatekPobytu, KoniecPobytu, IdKlienta, IdPokoju, IdHotelu) values (18, '12/14/2021', '4/21/2015', '8/17/2016', 102, 46, 13);
insert into REZERWACJA (IdRezerwacji, DataRezerwacji, PoczatekPobytu, KoniecPobytu, IdKlienta, IdPokoju, IdHotelu) values (19, '10/5/2019', '3/14/2016', '2/18/2017', 179, 136, 10);
insert into REZERWACJA (IdRezerwacji, DataRezerwacji, PoczatekPobytu, KoniecPobytu, IdKlienta, IdPokoju, IdHotelu) values (20, '4/6/2021', '5/15/2017', '1/4/2017', 132, 114, 5);
insert into REZERWACJA (IdRezerwacji, DataRezerwacji, PoczatekPobytu, KoniecPobytu, IdKlienta, IdPokoju, IdHotelu) values (21, '8/30/2021', '3/4/2018', '3/28/2021', 67, 75, 9);
insert into REZERWACJA (IdRezerwacji, DataRezerwacji, PoczatekPobytu, KoniecPobytu, IdKlienta, IdPokoju, IdHotelu) values (22, '2/23/2020', '1/27/2016', '5/10/2018', 55, 169, 15);
insert into REZERWACJA (IdRezerwacji, DataRezerwacji, PoczatekPobytu, KoniecPobytu, IdKlienta, IdPokoju, IdHotelu) values (23, '8/7/2018', '9/14/2015', '5/16/2021', 87, 108, 6);
insert into REZERWACJA (IdRezerwacji, DataRezerwacji, PoczatekPobytu, KoniecPobytu, IdKlienta, IdPokoju, IdHotelu) values (24, '6/5/2015', '3/20/2017', '7/13/2018', 154, 168, 1);
insert into REZERWACJA (IdRezerwacji, DataRezerwacji, PoczatekPobytu, KoniecPobytu, IdKlienta, IdPokoju, IdHotelu) values (25, '11/30/2018', '2/26/2019', '12/25/2019', 132, 164, 11);
insert into REZERWACJA (IdRezerwacji, DataRezerwacji, PoczatekPobytu, KoniecPobytu, IdKlienta, IdPokoju, IdHotelu) values (26, '9/20/2017', '11/15/2017', '4/4/2020', 54, 87, 10);
insert into REZERWACJA (IdRezerwacji, DataRezerwacji, PoczatekPobytu, KoniecPobytu, IdKlienta, IdPokoju, IdHotelu) values (27, '3/4/2020', '8/27/2020', '5/8/2015', 65, 112, 3);
insert into REZERWACJA (IdRezerwacji, DataRezerwacji, PoczatekPobytu, KoniecPobytu, IdKlienta, IdPokoju, IdHotelu) values (28, '9/29/2018', '8/24/2021', '8/23/2018', 101, 45, 3);
insert into REZERWACJA (IdRezerwacji, DataRezerwacji, PoczatekPobytu, KoniecPobytu, IdKlienta, IdPokoju, IdHotelu) values (29, '8/27/2017', '3/10/2019', '2/28/2017', 72, 68, 13);
insert into REZERWACJA (IdRezerwacji, DataRezerwacji, PoczatekPobytu, KoniecPobytu, IdKlienta, IdPokoju, IdHotelu) values (30, '5/28/2017', '1/17/2016', '4/10/2021', 60, 75, 9);
insert into REZERWACJA (IdRezerwacji, DataRezerwacji, PoczatekPobytu, KoniecPobytu, IdKlienta, IdPokoju, IdHotelu) values (31, '9/9/2019', '12/11/2017', '6/12/2018', 74, 41, 6);
insert into REZERWACJA (IdRezerwacji, DataRezerwacji, PoczatekPobytu, KoniecPobytu, IdKlienta, IdPokoju, IdHotelu) values (32, '7/2/2019', '6/8/2019', '5/21/2017', 119, 13, 9);
insert into REZERWACJA (IdRezerwacji, DataRezerwacji, PoczatekPobytu, KoniecPobytu, IdKlienta, IdPokoju, IdHotelu) values (33, '3/26/2019', '7/26/2021', '5/21/2015', 5, 23, 13);
insert into REZERWACJA (IdRezerwacji, DataRezerwacji, PoczatekPobytu, KoniecPobytu, IdKlienta, IdPokoju, IdHotelu) values (34, '3/23/2017', '11/23/2016', '8/16/2020', 121, 150, 5);
insert into REZERWACJA (IdRezerwacji, DataRezerwacji, PoczatekPobytu, KoniecPobytu, IdKlienta, IdPokoju, IdHotelu) values (35, '9/20/2016', '10/18/2017', '6/28/2019', 147, 74, 10);
insert into REZERWACJA (IdRezerwacji, DataRezerwacji, PoczatekPobytu, KoniecPobytu, IdKlienta, IdPokoju, IdHotelu) values (36, '1/25/2019', '5/28/2020', '12/6/2016', 29, 143, 6);
insert into REZERWACJA (IdRezerwacji, DataRezerwacji, PoczatekPobytu, KoniecPobytu, IdKlienta, IdPokoju, IdHotelu) values (37, '4/21/2016', '10/24/2015', '12/5/2017', 117, 190, 15);
insert into REZERWACJA (IdRezerwacji, DataRezerwacji, PoczatekPobytu, KoniecPobytu, IdKlienta, IdPokoju, IdHotelu) values (38, '11/15/2017', '11/16/2015', '11/26/2019', 38, 140, 1);
insert into REZERWACJA (IdRezerwacji, DataRezerwacji, PoczatekPobytu, KoniecPobytu, IdKlienta, IdPokoju, IdHotelu) values (39, '6/16/2020', '1/27/2020', '5/8/2016', 177, 2, 8);
insert into REZERWACJA (IdRezerwacji, DataRezerwacji, PoczatekPobytu, KoniecPobytu, IdKlienta, IdPokoju, IdHotelu) values (40, '6/20/2021', '10/15/2017', '2/21/2016', 121, 101, 3);
insert into REZERWACJA (IdRezerwacji, DataRezerwacji, PoczatekPobytu, KoniecPobytu, IdKlienta, IdPokoju, IdHotelu) values (41, '10/4/2019', '6/18/2016', '12/15/2016', 11, 169, 1);
insert into REZERWACJA (IdRezerwacji, DataRezerwacji, PoczatekPobytu, KoniecPobytu, IdKlienta, IdPokoju, IdHotelu) values (42, '3/13/2020', '10/7/2020', '3/5/2016', 117, 124, 13);
insert into REZERWACJA (IdRezerwacji, DataRezerwacji, PoczatekPobytu, KoniecPobytu, IdKlienta, IdPokoju, IdHotelu) values (43, '9/6/2016', '10/9/2019', '2/9/2016', 67, 142, 3);
insert into REZERWACJA (IdRezerwacji, DataRezerwacji, PoczatekPobytu, KoniecPobytu, IdKlienta, IdPokoju, IdHotelu) values (44, '4/7/2021', '5/21/2016', '1/7/2022', 128, 98, 2);
insert into REZERWACJA (IdRezerwacji, DataRezerwacji, PoczatekPobytu, KoniecPobytu, IdKlienta, IdPokoju, IdHotelu) values (45, '8/2/2016', '12/24/2019', '12/12/2018', 9, 108, 6);
insert into REZERWACJA (IdRezerwacji, DataRezerwacji, PoczatekPobytu, KoniecPobytu, IdKlienta, IdPokoju, IdHotelu) values (46, '11/15/2020', '7/26/2018', '7/27/2021', 164, 74, 13);
insert into REZERWACJA (IdRezerwacji, DataRezerwacji, PoczatekPobytu, KoniecPobytu, IdKlienta, IdPokoju, IdHotelu) values (47, '11/8/2015', '2/24/2019', '5/5/2016', 17, 191, 8);
insert into REZERWACJA (IdRezerwacji, DataRezerwacji, PoczatekPobytu, KoniecPobytu, IdKlienta, IdPokoju, IdHotelu) values (48, '7/16/2019', '4/5/2019', '5/21/2019', 40, 21, 4);
insert into REZERWACJA (IdRezerwacji, DataRezerwacji, PoczatekPobytu, KoniecPobytu, IdKlienta, IdPokoju, IdHotelu) values (49, '11/11/2015', '10/21/2016', '1/15/2020', 12, 83, 13);
insert into REZERWACJA (IdRezerwacji, DataRezerwacji, PoczatekPobytu, KoniecPobytu, IdKlienta, IdPokoju, IdHotelu) values (50, '6/14/2015', '2/3/2016', '7/17/2017', 81, 22, 13);
insert into REZERWACJA (IdRezerwacji, DataRezerwacji, PoczatekPobytu, KoniecPobytu, IdKlienta, IdPokoju, IdHotelu) values (51, '7/26/2016', '1/9/2018', '1/5/2017', 181, 115, 8);
insert into REZERWACJA (IdRezerwacji, DataRezerwacji, PoczatekPobytu, KoniecPobytu, IdKlienta, IdPokoju, IdHotelu) values (52, '9/3/2019', '3/12/2020', '2/19/2022', 189, 3, 12);
insert into REZERWACJA (IdRezerwacji, DataRezerwacji, PoczatekPobytu, KoniecPobytu, IdKlienta, IdPokoju, IdHotelu) values (53, '7/25/2016', '5/28/2019', '11/24/2016', 157, 142, 3);
insert into REZERWACJA (IdRezerwacji, DataRezerwacji, PoczatekPobytu, KoniecPobytu, IdKlienta, IdPokoju, IdHotelu) values (54, '7/21/2015', '12/18/2021', '4/19/2018', 191, 69, 3);
insert into REZERWACJA (IdRezerwacji, DataRezerwacji, PoczatekPobytu, KoniecPobytu, IdKlienta, IdPokoju, IdHotelu) values (55, '11/12/2018', '10/26/2018', '11/19/2016', 135, 146, 10);
insert into REZERWACJA (IdRezerwacji, DataRezerwacji, PoczatekPobytu, KoniecPobytu, IdKlienta, IdPokoju, IdHotelu) values (56, '6/20/2020', '8/9/2017', '10/20/2017', 162, 175, 8);
insert into REZERWACJA (IdRezerwacji, DataRezerwacji, PoczatekPobytu, KoniecPobytu, IdKlienta, IdPokoju, IdHotelu) values (57, '8/27/2018', '2/16/2017', '11/26/2017', 101, 43, 5);
insert into REZERWACJA (IdRezerwacji, DataRezerwacji, PoczatekPobytu, KoniecPobytu, IdKlienta, IdPokoju, IdHotelu) values (58, '4/3/2019', '4/29/2020', '10/26/2017', 184, 166, 12);
insert into REZERWACJA (IdRezerwacji, DataRezerwacji, PoczatekPobytu, KoniecPobytu, IdKlienta, IdPokoju, IdHotelu) values (59, '6/4/2019', '5/9/2020', '1/11/2017', 72, 161, 11);
insert into REZERWACJA (IdRezerwacji, DataRezerwacji, PoczatekPobytu, KoniecPobytu, IdKlienta, IdPokoju, IdHotelu) values (60, '5/17/2020', '12/25/2016', '3/18/2021', 142, 127, 11);
insert into REZERWACJA (IdRezerwacji, DataRezerwacji, PoczatekPobytu, KoniecPobytu, IdKlienta, IdPokoju, IdHotelu) values (61, '2/11/2019', '11/28/2018', '5/23/2021', 20, 60, 6);
insert into REZERWACJA (IdRezerwacji, DataRezerwacji, PoczatekPobytu, KoniecPobytu, IdKlienta, IdPokoju, IdHotelu) values (62, '12/30/2019', '3/25/2017', '2/17/2018', 160, 131, 3);
insert into REZERWACJA (IdRezerwacji, DataRezerwacji, PoczatekPobytu, KoniecPobytu, IdKlienta, IdPokoju, IdHotelu) values (63, '8/22/2015', '4/8/2018', '2/16/2016', 115, 7, 10);
insert into REZERWACJA (IdRezerwacji, DataRezerwacji, PoczatekPobytu, KoniecPobytu, IdKlienta, IdPokoju, IdHotelu) values (64, '1/10/2020', '11/8/2018', '3/8/2020', 58, 159, 1);
insert into REZERWACJA (IdRezerwacji, DataRezerwacji, PoczatekPobytu, KoniecPobytu, IdKlienta, IdPokoju, IdHotelu) values (65, '10/13/2019', '10/28/2018', '8/22/2015', 89, 63, 14);
insert into REZERWACJA (IdRezerwacji, DataRezerwacji, PoczatekPobytu, KoniecPobytu, IdKlienta, IdPokoju, IdHotelu) values (66, '1/24/2016', '5/28/2020', '6/5/2019', 93, 122, 12);
insert into REZERWACJA (IdRezerwacji, DataRezerwacji, PoczatekPobytu, KoniecPobytu, IdKlienta, IdPokoju, IdHotelu) values (67, '1/10/2019', '12/27/2021', '2/18/2018', 163, 153, 12);
insert into REZERWACJA (IdRezerwacji, DataRezerwacji, PoczatekPobytu, KoniecPobytu, IdKlienta, IdPokoju, IdHotelu) values (68, '1/13/2021', '10/18/2018', '8/31/2015', 97, 28, 5);
insert into REZERWACJA (IdRezerwacji, DataRezerwacji, PoczatekPobytu, KoniecPobytu, IdKlienta, IdPokoju, IdHotelu) values (69, '2/16/2020', '3/16/2016', '3/30/2016', 88, 1, 9);
insert into REZERWACJA (IdRezerwacji, DataRezerwacji, PoczatekPobytu, KoniecPobytu, IdKlienta, IdPokoju, IdHotelu) values (70, '11/22/2016', '10/5/2016', '3/4/2019', 40, 185, 12);
insert into REZERWACJA (IdRezerwacji, DataRezerwacji, PoczatekPobytu, KoniecPobytu, IdKlienta, IdPokoju, IdHotelu) values (71, '3/15/2018', '8/20/2021', '12/29/2018', 39, 196, 3);
insert into REZERWACJA (IdRezerwacji, DataRezerwacji, PoczatekPobytu, KoniecPobytu, IdKlienta, IdPokoju, IdHotelu) values (72, '9/1/2019', '12/8/2015', '2/10/2016', 102, 198, 1);
insert into REZERWACJA (IdRezerwacji, DataRezerwacji, PoczatekPobytu, KoniecPobytu, IdKlienta, IdPokoju, IdHotelu) values (73, '12/13/2017', '5/31/2017', '9/11/2019', 43, 27, 8);
insert into REZERWACJA (IdRezerwacji, DataRezerwacji, PoczatekPobytu, KoniecPobytu, IdKlienta, IdPokoju, IdHotelu) values (74, '2/23/2018', '5/9/2018', '7/13/2021', 159, 163, 1);
insert into REZERWACJA (IdRezerwacji, DataRezerwacji, PoczatekPobytu, KoniecPobytu, IdKlienta, IdPokoju, IdHotelu) values (75, '9/10/2021', '3/3/2022', '8/6/2017', 97, 32, 1);
insert into REZERWACJA (IdRezerwacji, DataRezerwacji, PoczatekPobytu, KoniecPobytu, IdKlienta, IdPokoju, IdHotelu) values (76, '2/2/2019', '6/20/2015', '12/27/2021', 105, 44, 6);
insert into REZERWACJA (IdRezerwacji, DataRezerwacji, PoczatekPobytu, KoniecPobytu, IdKlienta, IdPokoju, IdHotelu) values (77, '8/3/2020', '8/21/2021', '9/23/2018', 42, 70, 14);
insert into REZERWACJA (IdRezerwacji, DataRezerwacji, PoczatekPobytu, KoniecPobytu, IdKlienta, IdPokoju, IdHotelu) values (78, '12/17/2017', '11/26/2021', '12/1/2021', 111, 82, 5);
insert into REZERWACJA (IdRezerwacji, DataRezerwacji, PoczatekPobytu, KoniecPobytu, IdKlienta, IdPokoju, IdHotelu) values (79, '11/6/2019', '9/26/2020', '9/26/2016', 187, 130, 11);
insert into REZERWACJA (IdRezerwacji, DataRezerwacji, PoczatekPobytu, KoniecPobytu, IdKlienta, IdPokoju, IdHotelu) values (80, '7/15/2019', '11/10/2016', '1/24/2020', 23, 98, 8);
insert into REZERWACJA (IdRezerwacji, DataRezerwacji, PoczatekPobytu, KoniecPobytu, IdKlienta, IdPokoju, IdHotelu) values (81, '2/5/2021', '11/5/2018', '3/28/2017', 197, 105, 14);
insert into REZERWACJA (IdRezerwacji, DataRezerwacji, PoczatekPobytu, KoniecPobytu, IdKlienta, IdPokoju, IdHotelu) values (82, '8/7/2017', '11/17/2020', '10/14/2021', 174, 105, 10);
insert into REZERWACJA (IdRezerwacji, DataRezerwacji, PoczatekPobytu, KoniecPobytu, IdKlienta, IdPokoju, IdHotelu) values (83, '4/6/2019', '2/9/2022', '2/26/2017', 136, 139, 12);
insert into REZERWACJA (IdRezerwacji, DataRezerwacji, PoczatekPobytu, KoniecPobytu, IdKlienta, IdPokoju, IdHotelu) values (84, '5/14/2015', '8/27/2015', '10/28/2020', 176, 102, 7);
insert into REZERWACJA (IdRezerwacji, DataRezerwacji, PoczatekPobytu, KoniecPobytu, IdKlienta, IdPokoju, IdHotelu) values (85, '1/26/2022', '6/8/2020', '3/20/2018', 189, 122, 9);
insert into REZERWACJA (IdRezerwacji, DataRezerwacji, PoczatekPobytu, KoniecPobytu, IdKlienta, IdPokoju, IdHotelu) values (86, '10/16/2021', '1/28/2020', '9/16/2015', 119, 73, 7);
insert into REZERWACJA (IdRezerwacji, DataRezerwacji, PoczatekPobytu, KoniecPobytu, IdKlienta, IdPokoju, IdHotelu) values (87, '8/31/2020', '10/29/2018', '6/15/2021', 4, 144, 14);
insert into REZERWACJA (IdRezerwacji, DataRezerwacji, PoczatekPobytu, KoniecPobytu, IdKlienta, IdPokoju, IdHotelu) values (88, '7/29/2021', '6/16/2016', '2/10/2021', 55, 156, 5);
insert into REZERWACJA (IdRezerwacji, DataRezerwacji, PoczatekPobytu, KoniecPobytu, IdKlienta, IdPokoju, IdHotelu) values (89, '12/9/2018', '11/17/2020', '5/3/2017', 89, 157, 5);
insert into REZERWACJA (IdRezerwacji, DataRezerwacji, PoczatekPobytu, KoniecPobytu, IdKlienta, IdPokoju, IdHotelu) values (90, '4/18/2015', '2/19/2022', '7/3/2016', 128, 135, 9);
insert into REZERWACJA (IdRezerwacji, DataRezerwacji, PoczatekPobytu, KoniecPobytu, IdKlienta, IdPokoju, IdHotelu) values (91, '7/17/2018', '1/19/2020', '9/26/2017', 103, 193, 11);
insert into REZERWACJA (IdRezerwacji, DataRezerwacji, PoczatekPobytu, KoniecPobytu, IdKlienta, IdPokoju, IdHotelu) values (92, '8/8/2015', '11/1/2021', '1/1/2020', 192, 192, 4);
insert into REZERWACJA (IdRezerwacji, DataRezerwacji, PoczatekPobytu, KoniecPobytu, IdKlienta, IdPokoju, IdHotelu) values (93, '10/21/2019', '2/15/2019', '10/7/2018', 64, 154, 4);
insert into REZERWACJA (IdRezerwacji, DataRezerwacji, PoczatekPobytu, KoniecPobytu, IdKlienta, IdPokoju, IdHotelu) values (94, '10/18/2021', '10/1/2015', '7/29/2020', 19, 179, 9);
insert into REZERWACJA (IdRezerwacji, DataRezerwacji, PoczatekPobytu, KoniecPobytu, IdKlienta, IdPokoju, IdHotelu) values (95, '10/31/2018', '11/21/2018', '2/22/2021', 166, 198, 8);
insert into REZERWACJA (IdRezerwacji, DataRezerwacji, PoczatekPobytu, KoniecPobytu, IdKlienta, IdPokoju, IdHotelu) values (96, '12/22/2017', '12/14/2021', '1/1/2017', 119, 147, 15);
insert into REZERWACJA (IdRezerwacji, DataRezerwacji, PoczatekPobytu, KoniecPobytu, IdKlienta, IdPokoju, IdHotelu) values (97, '4/6/2017', '5/4/2018', '3/6/2022', 140, 180, 11);
insert into REZERWACJA (IdRezerwacji, DataRezerwacji, PoczatekPobytu, KoniecPobytu, IdKlienta, IdPokoju, IdHotelu) values (98, '3/2/2020', '6/11/2016', '4/26/2015', 163, 94, 12);
insert into REZERWACJA (IdRezerwacji, DataRezerwacji, PoczatekPobytu, KoniecPobytu, IdKlienta, IdPokoju, IdHotelu) values (99, '8/27/2021', '11/19/2015', '7/8/2020', 69, 34, 6);
insert into REZERWACJA (IdRezerwacji, DataRezerwacji, PoczatekPobytu, KoniecPobytu, IdKlienta, IdPokoju, IdHotelu) values (100, '11/16/2020', '1/22/2022', '11/18/2019', 83, 47, 4);
insert into REZERWACJA (IdRezerwacji, DataRezerwacji, PoczatekPobytu, KoniecPobytu, IdKlienta, IdPokoju, IdHotelu) values (101, '11/27/2015', '11/5/2015', '3/27/2021', 178, 68, 14);
insert into REZERWACJA (IdRezerwacji, DataRezerwacji, PoczatekPobytu, KoniecPobytu, IdKlienta, IdPokoju, IdHotelu) values (102, '10/1/2019', '2/9/2016', '1/7/2016', 183, 35, 6);
insert into REZERWACJA (IdRezerwacji, DataRezerwacji, PoczatekPobytu, KoniecPobytu, IdKlienta, IdPokoju, IdHotelu) values (103, '6/22/2016', '8/31/2020', '4/10/2019', 96, 191, 3);
insert into REZERWACJA (IdRezerwacji, DataRezerwacji, PoczatekPobytu, KoniecPobytu, IdKlienta, IdPokoju, IdHotelu) values (104, '1/14/2020', '10/18/2019', '8/16/2015', 99, 37, 12);
insert into REZERWACJA (IdRezerwacji, DataRezerwacji, PoczatekPobytu, KoniecPobytu, IdKlienta, IdPokoju, IdHotelu) values (105, '11/6/2019', '9/23/2016', '12/14/2018', 45, 134, 7);
insert into REZERWACJA (IdRezerwacji, DataRezerwacji, PoczatekPobytu, KoniecPobytu, IdKlienta, IdPokoju, IdHotelu) values (106, '8/19/2018', '5/8/2020', '11/16/2018', 178, 41, 1);
insert into REZERWACJA (IdRezerwacji, DataRezerwacji, PoczatekPobytu, KoniecPobytu, IdKlienta, IdPokoju, IdHotelu) values (107, '5/19/2021', '1/8/2018', '8/18/2019', 86, 56, 7);
insert into REZERWACJA (IdRezerwacji, DataRezerwacji, PoczatekPobytu, KoniecPobytu, IdKlienta, IdPokoju, IdHotelu) values (108, '7/20/2015', '3/26/2018', '7/17/2019', 177, 172, 4);
insert into REZERWACJA (IdRezerwacji, DataRezerwacji, PoczatekPobytu, KoniecPobytu, IdKlienta, IdPokoju, IdHotelu) values (109, '1/30/2021', '8/2/2020', '4/19/2015', 66, 67, 14);
insert into REZERWACJA (IdRezerwacji, DataRezerwacji, PoczatekPobytu, KoniecPobytu, IdKlienta, IdPokoju, IdHotelu) values (110, '12/10/2015', '11/19/2016', '8/14/2015', 193, 131, 14);
insert into REZERWACJA (IdRezerwacji, DataRezerwacji, PoczatekPobytu, KoniecPobytu, IdKlienta, IdPokoju, IdHotelu) values (111, '6/18/2015', '2/1/2020', '8/19/2016', 155, 172, 13);
insert into REZERWACJA (IdRezerwacji, DataRezerwacji, PoczatekPobytu, KoniecPobytu, IdKlienta, IdPokoju, IdHotelu) values (112, '5/3/2020', '10/29/2021', '8/17/2016', 75, 171, 15);
insert into REZERWACJA (IdRezerwacji, DataRezerwacji, PoczatekPobytu, KoniecPobytu, IdKlienta, IdPokoju, IdHotelu) values (113, '12/4/2017', '10/19/2016', '3/22/2016', 178, 14, 14);
insert into REZERWACJA (IdRezerwacji, DataRezerwacji, PoczatekPobytu, KoniecPobytu, IdKlienta, IdPokoju, IdHotelu) values (114, '1/31/2021', '3/11/2016', '12/11/2016', 52, 12, 8);
insert into REZERWACJA (IdRezerwacji, DataRezerwacji, PoczatekPobytu, KoniecPobytu, IdKlienta, IdPokoju, IdHotelu) values (115, '2/6/2017', '5/16/2015', '8/24/2018', 105, 143, 14);
insert into REZERWACJA (IdRezerwacji, DataRezerwacji, PoczatekPobytu, KoniecPobytu, IdKlienta, IdPokoju, IdHotelu) values (116, '7/29/2017', '8/5/2021', '6/5/2021', 31, 112, 3);
insert into REZERWACJA (IdRezerwacji, DataRezerwacji, PoczatekPobytu, KoniecPobytu, IdKlienta, IdPokoju, IdHotelu) values (117, '5/1/2016', '12/29/2021', '6/9/2019', 41, 109, 15);
insert into REZERWACJA (IdRezerwacji, DataRezerwacji, PoczatekPobytu, KoniecPobytu, IdKlienta, IdPokoju, IdHotelu) values (118, '9/15/2020', '1/18/2022', '3/27/2018', 67, 94, 8);
insert into REZERWACJA (IdRezerwacji, DataRezerwacji, PoczatekPobytu, KoniecPobytu, IdKlienta, IdPokoju, IdHotelu) values (119, '3/2/2016', '10/10/2015', '2/25/2017', 12, 129, 3);
insert into REZERWACJA (IdRezerwacji, DataRezerwacji, PoczatekPobytu, KoniecPobytu, IdKlienta, IdPokoju, IdHotelu) values (120, '1/11/2016', '5/3/2019', '5/22/2019', 117, 34, 5);
insert into REZERWACJA (IdRezerwacji, DataRezerwacji, PoczatekPobytu, KoniecPobytu, IdKlienta, IdPokoju, IdHotelu) values (121, '4/25/2015', '10/27/2020', '11/17/2016', 64, 145, 9);
insert into REZERWACJA (IdRezerwacji, DataRezerwacji, PoczatekPobytu, KoniecPobytu, IdKlienta, IdPokoju, IdHotelu) values (122, '1/30/2018', '1/14/2022', '10/26/2015', 115, 39, 1);
insert into REZERWACJA (IdRezerwacji, DataRezerwacji, PoczatekPobytu, KoniecPobytu, IdKlienta, IdPokoju, IdHotelu) values (123, '5/11/2021', '5/29/2015', '7/3/2021', 196, 22, 12);
insert into REZERWACJA (IdRezerwacji, DataRezerwacji, PoczatekPobytu, KoniecPobytu, IdKlienta, IdPokoju, IdHotelu) values (124, '9/14/2018', '9/11/2015', '11/3/2021', 64, 141, 12);
insert into REZERWACJA (IdRezerwacji, DataRezerwacji, PoczatekPobytu, KoniecPobytu, IdKlienta, IdPokoju, IdHotelu) values (125, '4/29/2021', '8/9/2021', '8/14/2019', 154, 177, 2);
insert into REZERWACJA (IdRezerwacji, DataRezerwacji, PoczatekPobytu, KoniecPobytu, IdKlienta, IdPokoju, IdHotelu) values (126, '2/15/2021', '8/26/2019', '8/11/2021', 164, 180, 11);
insert into REZERWACJA (IdRezerwacji, DataRezerwacji, PoczatekPobytu, KoniecPobytu, IdKlienta, IdPokoju, IdHotelu) values (127, '8/18/2018', '8/8/2019', '4/19/2019', 98, 116, 2);
insert into REZERWACJA (IdRezerwacji, DataRezerwacji, PoczatekPobytu, KoniecPobytu, IdKlienta, IdPokoju, IdHotelu) values (128, '3/23/2017', '10/17/2019', '5/5/2018', 189, 134, 12);
insert into REZERWACJA (IdRezerwacji, DataRezerwacji, PoczatekPobytu, KoniecPobytu, IdKlienta, IdPokoju, IdHotelu) values (129, '2/19/2020', '1/7/2016', '3/29/2020', 75, 108, 4);
insert into REZERWACJA (IdRezerwacji, DataRezerwacji, PoczatekPobytu, KoniecPobytu, IdKlienta, IdPokoju, IdHotelu) values (130, '3/5/2017', '2/26/2019', '4/1/2021', 52, 173, 4);
insert into REZERWACJA (IdRezerwacji, DataRezerwacji, PoczatekPobytu, KoniecPobytu, IdKlienta, IdPokoju, IdHotelu) values (131, '8/9/2016', '9/28/2016', '8/22/2017', 78, 117, 5);
insert into REZERWACJA (IdRezerwacji, DataRezerwacji, PoczatekPobytu, KoniecPobytu, IdKlienta, IdPokoju, IdHotelu) values (132, '1/14/2021', '12/8/2020', '5/18/2019', 20, 100, 6);
insert into REZERWACJA (IdRezerwacji, DataRezerwacji, PoczatekPobytu, KoniecPobytu, IdKlienta, IdPokoju, IdHotelu) values (133, '9/10/2015', '8/13/2017', '3/22/2021', 48, 35, 11);
insert into REZERWACJA (IdRezerwacji, DataRezerwacji, PoczatekPobytu, KoniecPobytu, IdKlienta, IdPokoju, IdHotelu) values (134, '3/12/2016', '4/19/2020', '6/18/2020', 128, 74, 8);
insert into REZERWACJA (IdRezerwacji, DataRezerwacji, PoczatekPobytu, KoniecPobytu, IdKlienta, IdPokoju, IdHotelu) values (135, '5/5/2015', '3/8/2019', '11/14/2020', 163, 19, 2);
insert into REZERWACJA (IdRezerwacji, DataRezerwacji, PoczatekPobytu, KoniecPobytu, IdKlienta, IdPokoju, IdHotelu) values (136, '6/20/2020', '10/18/2021', '3/22/2020', 191, 133, 9);
insert into REZERWACJA (IdRezerwacji, DataRezerwacji, PoczatekPobytu, KoniecPobytu, IdKlienta, IdPokoju, IdHotelu) values (137, '2/1/2020', '10/30/2020', '5/15/2015', 131, 92, 6);
insert into REZERWACJA (IdRezerwacji, DataRezerwacji, PoczatekPobytu, KoniecPobytu, IdKlienta, IdPokoju, IdHotelu) values (138, '8/7/2019', '4/28/2020', '11/30/2019', 16, 64, 2);
insert into REZERWACJA (IdRezerwacji, DataRezerwacji, PoczatekPobytu, KoniecPobytu, IdKlienta, IdPokoju, IdHotelu) values (139, '3/10/2017', '6/29/2020', '2/21/2022', 9, 173, 10);
insert into REZERWACJA (IdRezerwacji, DataRezerwacji, PoczatekPobytu, KoniecPobytu, IdKlienta, IdPokoju, IdHotelu) values (140, '11/10/2016', '5/20/2021', '6/6/2019', 92, 32, 1);
insert into REZERWACJA (IdRezerwacji, DataRezerwacji, PoczatekPobytu, KoniecPobytu, IdKlienta, IdPokoju, IdHotelu) values (141, '5/2/2019', '9/3/2020', '1/3/2022', 32, 22, 9);
insert into REZERWACJA (IdRezerwacji, DataRezerwacji, PoczatekPobytu, KoniecPobytu, IdKlienta, IdPokoju, IdHotelu) values (142, '5/12/2018', '11/28/2018', '3/11/2022', 188, 36, 5);
insert into REZERWACJA (IdRezerwacji, DataRezerwacji, PoczatekPobytu, KoniecPobytu, IdKlienta, IdPokoju, IdHotelu) values (143, '7/17/2017', '3/10/2022', '5/31/2020', 83, 164, 13);
insert into REZERWACJA (IdRezerwacji, DataRezerwacji, PoczatekPobytu, KoniecPobytu, IdKlienta, IdPokoju, IdHotelu) values (144, '7/1/2017', '4/23/2017', '12/26/2019', 32, 57, 9);
insert into REZERWACJA (IdRezerwacji, DataRezerwacji, PoczatekPobytu, KoniecPobytu, IdKlienta, IdPokoju, IdHotelu) values (145, '3/7/2020', '10/4/2018', '9/9/2019', 82, 7, 15);
insert into REZERWACJA (IdRezerwacji, DataRezerwacji, PoczatekPobytu, KoniecPobytu, IdKlienta, IdPokoju, IdHotelu) values (146, '12/13/2015', '11/19/2016', '1/18/2017', 13, 17, 4);
insert into REZERWACJA (IdRezerwacji, DataRezerwacji, PoczatekPobytu, KoniecPobytu, IdKlienta, IdPokoju, IdHotelu) values (147, '3/5/2017', '3/13/2018', '3/11/2018', 183, 99, 15);
insert into REZERWACJA (IdRezerwacji, DataRezerwacji, PoczatekPobytu, KoniecPobytu, IdKlienta, IdPokoju, IdHotelu) values (148, '7/18/2019', '5/20/2021', '12/20/2016', 108, 152, 2);
insert into REZERWACJA (IdRezerwacji, DataRezerwacji, PoczatekPobytu, KoniecPobytu, IdKlienta, IdPokoju, IdHotelu) values (149, '8/8/2020', '11/28/2020', '11/4/2021', 180, 9, 11);
insert into REZERWACJA (IdRezerwacji, DataRezerwacji, PoczatekPobytu, KoniecPobytu, IdKlienta, IdPokoju, IdHotelu) values (150, '8/29/2015', '4/11/2018', '3/28/2016', 147, 135, 2);
insert into REZERWACJA (IdRezerwacji, DataRezerwacji, PoczatekPobytu, KoniecPobytu, IdKlienta, IdPokoju, IdHotelu) values (151, '6/6/2016', '3/13/2019', '6/26/2021', 103, 158, 1);
insert into REZERWACJA (IdRezerwacji, DataRezerwacji, PoczatekPobytu, KoniecPobytu, IdKlienta, IdPokoju, IdHotelu) values (152, '9/16/2016', '12/24/2019', '12/29/2020', 142, 133, 7);
insert into REZERWACJA (IdRezerwacji, DataRezerwacji, PoczatekPobytu, KoniecPobytu, IdKlienta, IdPokoju, IdHotelu) values (153, '2/2/2019', '7/17/2020', '11/5/2020', 47, 16, 11);
insert into REZERWACJA (IdRezerwacji, DataRezerwacji, PoczatekPobytu, KoniecPobytu, IdKlienta, IdPokoju, IdHotelu) values (154, '3/13/2021', '1/20/2019', '6/24/2015', 121, 181, 6);
insert into REZERWACJA (IdRezerwacji, DataRezerwacji, PoczatekPobytu, KoniecPobytu, IdKlienta, IdPokoju, IdHotelu) values (155, '4/1/2019', '1/15/2021', '6/9/2020', 193, 134, 7);
insert into REZERWACJA (IdRezerwacji, DataRezerwacji, PoczatekPobytu, KoniecPobytu, IdKlienta, IdPokoju, IdHotelu) values (156, '2/4/2022', '12/29/2017', '1/22/2021', 57, 126, 9);
insert into REZERWACJA (IdRezerwacji, DataRezerwacji, PoczatekPobytu, KoniecPobytu, IdKlienta, IdPokoju, IdHotelu) values (157, '10/4/2018', '3/15/2019', '11/22/2018', 53, 3, 13);
insert into REZERWACJA (IdRezerwacji, DataRezerwacji, PoczatekPobytu, KoniecPobytu, IdKlienta, IdPokoju, IdHotelu) values (158, '8/5/2020', '2/1/2017', '7/24/2021', 178, 81, 3);
insert into REZERWACJA (IdRezerwacji, DataRezerwacji, PoczatekPobytu, KoniecPobytu, IdKlienta, IdPokoju, IdHotelu) values (159, '2/17/2017', '3/12/2017', '8/25/2018', 84, 188, 1);
insert into REZERWACJA (IdRezerwacji, DataRezerwacji, PoczatekPobytu, KoniecPobytu, IdKlienta, IdPokoju, IdHotelu) values (160, '4/10/2017', '1/3/2022', '11/25/2019', 30, 120, 15);
insert into REZERWACJA (IdRezerwacji, DataRezerwacji, PoczatekPobytu, KoniecPobytu, IdKlienta, IdPokoju, IdHotelu) values (161, '6/27/2019', '11/25/2018', '3/17/2019', 3, 12, 9);
insert into REZERWACJA (IdRezerwacji, DataRezerwacji, PoczatekPobytu, KoniecPobytu, IdKlienta, IdPokoju, IdHotelu) values (162, '8/15/2018', '9/21/2021', '1/5/2018', 49, 143, 5);
insert into REZERWACJA (IdRezerwacji, DataRezerwacji, PoczatekPobytu, KoniecPobytu, IdKlienta, IdPokoju, IdHotelu) values (163, '3/18/2020', '6/10/2021', '3/27/2017', 86, 45, 1);
insert into REZERWACJA (IdRezerwacji, DataRezerwacji, PoczatekPobytu, KoniecPobytu, IdKlienta, IdPokoju, IdHotelu) values (164, '1/14/2016', '1/31/2022', '5/28/2015', 158, 171, 6);
insert into REZERWACJA (IdRezerwacji, DataRezerwacji, PoczatekPobytu, KoniecPobytu, IdKlienta, IdPokoju, IdHotelu) values (165, '12/10/2017', '4/21/2018', '12/3/2018', 57, 13, 1);
insert into REZERWACJA (IdRezerwacji, DataRezerwacji, PoczatekPobytu, KoniecPobytu, IdKlienta, IdPokoju, IdHotelu) values (166, '2/3/2020', '10/4/2015', '10/5/2017', 144, 127, 10);
insert into REZERWACJA (IdRezerwacji, DataRezerwacji, PoczatekPobytu, KoniecPobytu, IdKlienta, IdPokoju, IdHotelu) values (167, '3/18/2017', '1/30/2018', '7/17/2020', 89, 127, 4);
insert into REZERWACJA (IdRezerwacji, DataRezerwacji, PoczatekPobytu, KoniecPobytu, IdKlienta, IdPokoju, IdHotelu) values (168, '12/18/2015', '12/13/2015', '5/15/2015', 70, 80, 10);
insert into REZERWACJA (IdRezerwacji, DataRezerwacji, PoczatekPobytu, KoniecPobytu, IdKlienta, IdPokoju, IdHotelu) values (169, '2/13/2017', '3/6/2019', '2/17/2020', 152, 154, 13);
insert into REZERWACJA (IdRezerwacji, DataRezerwacji, PoczatekPobytu, KoniecPobytu, IdKlienta, IdPokoju, IdHotelu) values (170, '12/9/2015', '11/26/2019', '5/9/2016', 120, 162, 10);
insert into REZERWACJA (IdRezerwacji, DataRezerwacji, PoczatekPobytu, KoniecPobytu, IdKlienta, IdPokoju, IdHotelu) values (171, '4/1/2021', '9/3/2018', '10/22/2019', 92, 141, 14);
insert into REZERWACJA (IdRezerwacji, DataRezerwacji, PoczatekPobytu, KoniecPobytu, IdKlienta, IdPokoju, IdHotelu) values (172, '6/25/2017', '10/5/2016', '6/11/2020', 196, 174, 9);
insert into REZERWACJA (IdRezerwacji, DataRezerwacji, PoczatekPobytu, KoniecPobytu, IdKlienta, IdPokoju, IdHotelu) values (173, '6/21/2019', '1/20/2016', '4/27/2019', 34, 173, 13);
insert into REZERWACJA (IdRezerwacji, DataRezerwacji, PoczatekPobytu, KoniecPobytu, IdKlienta, IdPokoju, IdHotelu) values (174, '10/21/2018', '2/25/2019', '9/2/2018', 58, 36, 9);
insert into REZERWACJA (IdRezerwacji, DataRezerwacji, PoczatekPobytu, KoniecPobytu, IdKlienta, IdPokoju, IdHotelu) values (175, '11/4/2015', '4/8/2015', '11/1/2016', 125, 103, 12);
insert into REZERWACJA (IdRezerwacji, DataRezerwacji, PoczatekPobytu, KoniecPobytu, IdKlienta, IdPokoju, IdHotelu) values (176, '2/20/2021', '12/30/2016', '10/15/2015', 159, 60, 4);
insert into REZERWACJA (IdRezerwacji, DataRezerwacji, PoczatekPobytu, KoniecPobytu, IdKlienta, IdPokoju, IdHotelu) values (177, '10/10/2019', '12/15/2016', '11/17/2019', 163, 69, 1);
insert into REZERWACJA (IdRezerwacji, DataRezerwacji, PoczatekPobytu, KoniecPobytu, IdKlienta, IdPokoju, IdHotelu) values (178, '10/2/2017', '7/16/2017', '1/18/2018', 146, 80, 14);
insert into REZERWACJA (IdRezerwacji, DataRezerwacji, PoczatekPobytu, KoniecPobytu, IdKlienta, IdPokoju, IdHotelu) values (179, '6/17/2018', '7/1/2017', '11/3/2020', 24, 197, 6);
insert into REZERWACJA (IdRezerwacji, DataRezerwacji, PoczatekPobytu, KoniecPobytu, IdKlienta, IdPokoju, IdHotelu) values (180, '3/11/2021', '10/4/2016', '2/17/2017', 20, 11, 12);
insert into REZERWACJA (IdRezerwacji, DataRezerwacji, PoczatekPobytu, KoniecPobytu, IdKlienta, IdPokoju, IdHotelu) values (181, '8/18/2016', '10/23/2015', '12/19/2019', 47, 88, 8);
insert into REZERWACJA (IdRezerwacji, DataRezerwacji, PoczatekPobytu, KoniecPobytu, IdKlienta, IdPokoju, IdHotelu) values (182, '6/5/2019', '2/14/2021', '10/3/2018', 111, 82, 12);
insert into REZERWACJA (IdRezerwacji, DataRezerwacji, PoczatekPobytu, KoniecPobytu, IdKlienta, IdPokoju, IdHotelu) values (183, '6/21/2016', '5/29/2018', '5/26/2019', 198, 70, 13);
insert into REZERWACJA (IdRezerwacji, DataRezerwacji, PoczatekPobytu, KoniecPobytu, IdKlienta, IdPokoju, IdHotelu) values (184, '11/8/2019', '5/16/2018', '3/3/2019', 160, 13, 11);
insert into REZERWACJA (IdRezerwacji, DataRezerwacji, PoczatekPobytu, KoniecPobytu, IdKlienta, IdPokoju, IdHotelu) values (185, '9/17/2016', '12/17/2017', '7/29/2019', 56, 177, 5);
insert into REZERWACJA (IdRezerwacji, DataRezerwacji, PoczatekPobytu, KoniecPobytu, IdKlienta, IdPokoju, IdHotelu) values (186, '9/28/2021', '7/6/2017', '2/13/2021', 168, 86, 4);
insert into REZERWACJA (IdRezerwacji, DataRezerwacji, PoczatekPobytu, KoniecPobytu, IdKlienta, IdPokoju, IdHotelu) values (187, '5/3/2016', '7/21/2020', '2/28/2021', 98, 84, 8);
insert into REZERWACJA (IdRezerwacji, DataRezerwacji, PoczatekPobytu, KoniecPobytu, IdKlienta, IdPokoju, IdHotelu) values (188, '10/10/2016', '7/11/2018', '8/19/2015', 151, 163, 15);
insert into REZERWACJA (IdRezerwacji, DataRezerwacji, PoczatekPobytu, KoniecPobytu, IdKlienta, IdPokoju, IdHotelu) values (189, '12/13/2018', '6/22/2017', '3/27/2020', 156, 174, 10);
insert into REZERWACJA (IdRezerwacji, DataRezerwacji, PoczatekPobytu, KoniecPobytu, IdKlienta, IdPokoju, IdHotelu) values (190, '12/11/2021', '1/11/2022', '5/12/2018', 188, 170, 15);
insert into REZERWACJA (IdRezerwacji, DataRezerwacji, PoczatekPobytu, KoniecPobytu, IdKlienta, IdPokoju, IdHotelu) values (191, '4/5/2021', '9/18/2018', '6/4/2015', 63, 112, 6);
insert into REZERWACJA (IdRezerwacji, DataRezerwacji, PoczatekPobytu, KoniecPobytu, IdKlienta, IdPokoju, IdHotelu) values (192, '8/27/2017', '12/6/2017', '8/4/2018', 84, 51, 2);
insert into REZERWACJA (IdRezerwacji, DataRezerwacji, PoczatekPobytu, KoniecPobytu, IdKlienta, IdPokoju, IdHotelu) values (193, '3/24/2017', '6/28/2015', '10/8/2021', 62, 108, 11);
insert into REZERWACJA (IdRezerwacji, DataRezerwacji, PoczatekPobytu, KoniecPobytu, IdKlienta, IdPokoju, IdHotelu) values (194, '2/22/2022', '5/20/2020', '8/19/2021', 142, 198, 3);
insert into REZERWACJA (IdRezerwacji, DataRezerwacji, PoczatekPobytu, KoniecPobytu, IdKlienta, IdPokoju, IdHotelu) values (195, '5/17/2017', '3/11/2022', '6/10/2016', 118, 181, 14);
insert into REZERWACJA (IdRezerwacji, DataRezerwacji, PoczatekPobytu, KoniecPobytu, IdKlienta, IdPokoju, IdHotelu) values (196, '12/9/2020', '4/27/2021', '12/14/2017', 81, 132, 2);
insert into REZERWACJA (IdRezerwacji, DataRezerwacji, PoczatekPobytu, KoniecPobytu, IdKlienta, IdPokoju, IdHotelu) values (197, '5/23/2017', '7/22/2018', '1/14/2021', 24, 57, 1);
insert into REZERWACJA (IdRezerwacji, DataRezerwacji, PoczatekPobytu, KoniecPobytu, IdKlienta, IdPokoju, IdHotelu) values (198, '1/25/2017', '12/6/2015', '10/28/2015', 43, 179, 15);
insert into REZERWACJA (IdRezerwacji, DataRezerwacji, PoczatekPobytu, KoniecPobytu, IdKlienta, IdPokoju, IdHotelu) values (199, '10/6/2016', '7/11/2021', '6/1/2016', 115, 2, 1);
insert into REZERWACJA (IdRezerwacji, DataRezerwacji, PoczatekPobytu, KoniecPobytu, IdKlienta, IdPokoju, IdHotelu) values (200, '9/2/2016', '6/13/2018', '4/14/2017', 74, 170, 12);
insert into REZERWACJA (IdRezerwacji, DataRezerwacji, PoczatekPobytu, KoniecPobytu, IdKlienta, IdPokoju, IdHotelu) values (201, '2/19/2021', '2/18/2019', '2/23/2016', 5, 65, 2);
insert into REZERWACJA (IdRezerwacji, DataRezerwacji, PoczatekPobytu, KoniecPobytu, IdKlienta, IdPokoju, IdHotelu) values (202, '12/16/2021', '10/16/2020', '9/23/2015', 154, 45, 12);
insert into REZERWACJA (IdRezerwacji, DataRezerwacji, PoczatekPobytu, KoniecPobytu, IdKlienta, IdPokoju, IdHotelu) values (203, '12/8/2018', '4/17/2019', '7/7/2017', 177, 162, 5);
insert into REZERWACJA (IdRezerwacji, DataRezerwacji, PoczatekPobytu, KoniecPobytu, IdKlienta, IdPokoju, IdHotelu) values (204, '3/5/2022', '4/11/2021', '6/21/2018', 4, 67, 14);
insert into REZERWACJA (IdRezerwacji, DataRezerwacji, PoczatekPobytu, KoniecPobytu, IdKlienta, IdPokoju, IdHotelu) values (205, '3/14/2017', '6/23/2016', '6/8/2021', 110, 185, 5);
insert into REZERWACJA (IdRezerwacji, DataRezerwacji, PoczatekPobytu, KoniecPobytu, IdKlienta, IdPokoju, IdHotelu) values (206, '7/29/2016', '6/30/2019', '11/18/2016', 169, 117, 15);
insert into REZERWACJA (IdRezerwacji, DataRezerwacji, PoczatekPobytu, KoniecPobytu, IdKlienta, IdPokoju, IdHotelu) values (207, '6/2/2017', '5/20/2019', '2/25/2016', 137, 196, 15);
insert into REZERWACJA (IdRezerwacji, DataRezerwacji, PoczatekPobytu, KoniecPobytu, IdKlienta, IdPokoju, IdHotelu) values (208, '11/5/2016', '9/27/2020', '4/17/2017', 46, 26, 6);
insert into REZERWACJA (IdRezerwacji, DataRezerwacji, PoczatekPobytu, KoniecPobytu, IdKlienta, IdPokoju, IdHotelu) values (209, '6/5/2016', '9/21/2020', '2/21/2021', 175, 84, 8);
insert into REZERWACJA (IdRezerwacji, DataRezerwacji, PoczatekPobytu, KoniecPobytu, IdKlienta, IdPokoju, IdHotelu) values (210, '6/26/2018', '5/28/2019', '8/14/2018', 200, 118, 5);
insert into REZERWACJA (IdRezerwacji, DataRezerwacji, PoczatekPobytu, KoniecPobytu, IdKlienta, IdPokoju, IdHotelu) values (211, '3/13/2017', '2/4/2020', '9/15/2019', 16, 193, 15);
insert into REZERWACJA (IdRezerwacji, DataRezerwacji, PoczatekPobytu, KoniecPobytu, IdKlienta, IdPokoju, IdHotelu) values (212, '1/30/2018', '3/22/2017', '8/11/2018', 66, 193, 2);
insert into REZERWACJA (IdRezerwacji, DataRezerwacji, PoczatekPobytu, KoniecPobytu, IdKlienta, IdPokoju, IdHotelu) values (213, '5/14/2017', '1/20/2016', '9/28/2015', 82, 53, 5);
insert into REZERWACJA (IdRezerwacji, DataRezerwacji, PoczatekPobytu, KoniecPobytu, IdKlienta, IdPokoju, IdHotelu) values (214, '12/30/2016', '6/8/2018', '7/22/2017', 187, 54, 5);
insert into REZERWACJA (IdRezerwacji, DataRezerwacji, PoczatekPobytu, KoniecPobytu, IdKlienta, IdPokoju, IdHotelu) values (215, '3/30/2021', '9/25/2015', '10/7/2017', 171, 64, 3);
insert into REZERWACJA (IdRezerwacji, DataRezerwacji, PoczatekPobytu, KoniecPobytu, IdKlienta, IdPokoju, IdHotelu) values (216, '4/17/2015', '10/4/2020', '12/10/2016', 31, 148, 6);
insert into REZERWACJA (IdRezerwacji, DataRezerwacji, PoczatekPobytu, KoniecPobytu, IdKlienta, IdPokoju, IdHotelu) values (217, '1/29/2020', '5/21/2015', '4/16/2019', 161, 65, 14);
insert into REZERWACJA (IdRezerwacji, DataRezerwacji, PoczatekPobytu, KoniecPobytu, IdKlienta, IdPokoju, IdHotelu) values (218, '3/31/2018', '5/27/2017', '12/19/2016', 12, 149, 10);
insert into REZERWACJA (IdRezerwacji, DataRezerwacji, PoczatekPobytu, KoniecPobytu, IdKlienta, IdPokoju, IdHotelu) values (219, '11/26/2018', '11/25/2017', '5/14/2021', 179, 76, 10);
insert into REZERWACJA (IdRezerwacji, DataRezerwacji, PoczatekPobytu, KoniecPobytu, IdKlienta, IdPokoju, IdHotelu) values (220, '11/24/2020', '7/25/2015', '6/25/2015', 54, 17, 12);
insert into REZERWACJA (IdRezerwacji, DataRezerwacji, PoczatekPobytu, KoniecPobytu, IdKlienta, IdPokoju, IdHotelu) values (221, '8/16/2020', '8/5/2021', '1/4/2021', 174, 185, 14);
insert into REZERWACJA (IdRezerwacji, DataRezerwacji, PoczatekPobytu, KoniecPobytu, IdKlienta, IdPokoju, IdHotelu) values (222, '7/13/2016', '2/3/2016', '6/24/2019', 138, 16, 10);
insert into REZERWACJA (IdRezerwacji, DataRezerwacji, PoczatekPobytu, KoniecPobytu, IdKlienta, IdPokoju, IdHotelu) values (223, '6/30/2016', '2/5/2021', '5/8/2018', 172, 76, 9);
insert into REZERWACJA (IdRezerwacji, DataRezerwacji, PoczatekPobytu, KoniecPobytu, IdKlienta, IdPokoju, IdHotelu) values (224, '9/16/2018', '7/13/2021', '6/9/2020', 133, 93, 13);
insert into REZERWACJA (IdRezerwacji, DataRezerwacji, PoczatekPobytu, KoniecPobytu, IdKlienta, IdPokoju, IdHotelu) values (225, '9/4/2016', '2/15/2022', '1/22/2022', 77, 117, 6);
insert into REZERWACJA (IdRezerwacji, DataRezerwacji, PoczatekPobytu, KoniecPobytu, IdKlienta, IdPokoju, IdHotelu) values (226, '2/10/2018', '8/25/2015', '12/5/2017', 86, 120, 12);
insert into REZERWACJA (IdRezerwacji, DataRezerwacji, PoczatekPobytu, KoniecPobytu, IdKlienta, IdPokoju, IdHotelu) values (227, '2/18/2017', '9/17/2016', '12/27/2021', 93, 8, 1);
insert into REZERWACJA (IdRezerwacji, DataRezerwacji, PoczatekPobytu, KoniecPobytu, IdKlienta, IdPokoju, IdHotelu) values (228, '4/4/2020', '7/6/2017', '2/3/2021', 150, 124, 11);
insert into REZERWACJA (IdRezerwacji, DataRezerwacji, PoczatekPobytu, KoniecPobytu, IdKlienta, IdPokoju, IdHotelu) values (229, '12/28/2018', '4/12/2019', '5/2/2015', 28, 137, 8);
insert into REZERWACJA (IdRezerwacji, DataRezerwacji, PoczatekPobytu, KoniecPobytu, IdKlienta, IdPokoju, IdHotelu) values (230, '3/1/2021', '1/19/2021', '3/24/2017', 77, 19, 12);
insert into REZERWACJA (IdRezerwacji, DataRezerwacji, PoczatekPobytu, KoniecPobytu, IdKlienta, IdPokoju, IdHotelu) values (231, '8/28/2019', '12/31/2015', '6/21/2017', 24, 70, 4);
insert into REZERWACJA (IdRezerwacji, DataRezerwacji, PoczatekPobytu, KoniecPobytu, IdKlienta, IdPokoju, IdHotelu) values (232, '5/10/2018', '8/29/2020', '5/13/2015', 97, 16, 5);
insert into REZERWACJA (IdRezerwacji, DataRezerwacji, PoczatekPobytu, KoniecPobytu, IdKlienta, IdPokoju, IdHotelu) values (233, '2/12/2020', '11/22/2021', '6/12/2021', 199, 57, 3);
insert into REZERWACJA (IdRezerwacji, DataRezerwacji, PoczatekPobytu, KoniecPobytu, IdKlienta, IdPokoju, IdHotelu) values (234, '9/13/2017', '12/13/2017', '4/12/2016', 104, 65, 2);
insert into REZERWACJA (IdRezerwacji, DataRezerwacji, PoczatekPobytu, KoniecPobytu, IdKlienta, IdPokoju, IdHotelu) values (235, '10/24/2015', '2/13/2022', '2/6/2020', 11, 26, 15);
insert into REZERWACJA (IdRezerwacji, DataRezerwacji, PoczatekPobytu, KoniecPobytu, IdKlienta, IdPokoju, IdHotelu) values (236, '3/17/2016', '7/7/2020', '7/3/2016', 166, 128, 12);
insert into REZERWACJA (IdRezerwacji, DataRezerwacji, PoczatekPobytu, KoniecPobytu, IdKlienta, IdPokoju, IdHotelu) values (237, '8/31/2021', '7/3/2021', '6/8/2018', 29, 26, 1);
insert into REZERWACJA (IdRezerwacji, DataRezerwacji, PoczatekPobytu, KoniecPobytu, IdKlienta, IdPokoju, IdHotelu) values (238, '12/11/2017', '11/2/2015', '9/19/2021', 165, 142, 1);
insert into REZERWACJA (IdRezerwacji, DataRezerwacji, PoczatekPobytu, KoniecPobytu, IdKlienta, IdPokoju, IdHotelu) values (239, '11/16/2017', '3/10/2017', '12/6/2019', 189, 107, 2);
insert into REZERWACJA (IdRezerwacji, DataRezerwacji, PoczatekPobytu, KoniecPobytu, IdKlienta, IdPokoju, IdHotelu) values (240, '1/25/2020', '9/22/2015', '5/2/2021', 144, 96, 9);
insert into REZERWACJA (IdRezerwacji, DataRezerwacji, PoczatekPobytu, KoniecPobytu, IdKlienta, IdPokoju, IdHotelu) values (241, '10/19/2021', '5/20/2020', '10/16/2015', 17, 51, 2);
insert into REZERWACJA (IdRezerwacji, DataRezerwacji, PoczatekPobytu, KoniecPobytu, IdKlienta, IdPokoju, IdHotelu) values (242, '8/15/2021', '10/22/2018', '5/13/2019', 78, 144, 14);
insert into REZERWACJA (IdRezerwacji, DataRezerwacji, PoczatekPobytu, KoniecPobytu, IdKlienta, IdPokoju, IdHotelu) values (243, '4/21/2017', '6/16/2021', '8/14/2015', 13, 88, 2);
insert into REZERWACJA (IdRezerwacji, DataRezerwacji, PoczatekPobytu, KoniecPobytu, IdKlienta, IdPokoju, IdHotelu) values (244, '6/7/2021', '8/2/2017', '11/16/2017', 153, 7, 14);
insert into REZERWACJA (IdRezerwacji, DataRezerwacji, PoczatekPobytu, KoniecPobytu, IdKlienta, IdPokoju, IdHotelu) values (245, '12/29/2016', '6/23/2017', '4/1/2021', 57, 177, 2);
insert into REZERWACJA (IdRezerwacji, DataRezerwacji, PoczatekPobytu, KoniecPobytu, IdKlienta, IdPokoju, IdHotelu) values (246, '10/23/2020', '2/21/2017', '5/8/2019', 169, 74, 4);
insert into REZERWACJA (IdRezerwacji, DataRezerwacji, PoczatekPobytu, KoniecPobytu, IdKlienta, IdPokoju, IdHotelu) values (247, '5/30/2017', '11/14/2021', '3/10/2022', 51, 54, 15);
insert into REZERWACJA (IdRezerwacji, DataRezerwacji, PoczatekPobytu, KoniecPobytu, IdKlienta, IdPokoju, IdHotelu) values (248, '4/22/2016', '8/15/2015', '9/13/2017', 144, 189, 1);
insert into REZERWACJA (IdRezerwacji, DataRezerwacji, PoczatekPobytu, KoniecPobytu, IdKlienta, IdPokoju, IdHotelu) values (249, '6/3/2021', '9/9/2020', '1/12/2017', 102, 116, 12);
insert into REZERWACJA (IdRezerwacji, DataRezerwacji, PoczatekPobytu, KoniecPobytu, IdKlienta, IdPokoju, IdHotelu) values (250, '8/12/2017', '9/21/2018', '2/9/2018', 121, 53, 13);
insert into REZERWACJA (IdRezerwacji, DataRezerwacji, PoczatekPobytu, KoniecPobytu, IdKlienta, IdPokoju, IdHotelu) values (251, '4/5/2019', '2/4/2018', '7/22/2016', 1, 20, 9);
insert into REZERWACJA (IdRezerwacji, DataRezerwacji, PoczatekPobytu, KoniecPobytu, IdKlienta, IdPokoju, IdHotelu) values (252, '1/24/2017', '10/4/2017', '1/6/2020', 155, 13, 14);
insert into REZERWACJA (IdRezerwacji, DataRezerwacji, PoczatekPobytu, KoniecPobytu, IdKlienta, IdPokoju, IdHotelu) values (253, '1/19/2020', '6/25/2021', '1/31/2016', 130, 157, 14);
insert into REZERWACJA (IdRezerwacji, DataRezerwacji, PoczatekPobytu, KoniecPobytu, IdKlienta, IdPokoju, IdHotelu) values (254, '9/23/2017', '7/29/2021', '6/19/2018', 54, 200, 8);
insert into REZERWACJA (IdRezerwacji, DataRezerwacji, PoczatekPobytu, KoniecPobytu, IdKlienta, IdPokoju, IdHotelu) values (255, '3/22/2021', '7/7/2018', '5/19/2021', 13, 120, 12);
insert into REZERWACJA (IdRezerwacji, DataRezerwacji, PoczatekPobytu, KoniecPobytu, IdKlienta, IdPokoju, IdHotelu) values (256, '8/29/2019', '9/18/2016', '12/10/2017', 97, 74, 7);
insert into REZERWACJA (IdRezerwacji, DataRezerwacji, PoczatekPobytu, KoniecPobytu, IdKlienta, IdPokoju, IdHotelu) values (257, '5/3/2020', '5/25/2018', '8/2/2016', 2, 194, 11);
insert into REZERWACJA (IdRezerwacji, DataRezerwacji, PoczatekPobytu, KoniecPobytu, IdKlienta, IdPokoju, IdHotelu) values (258, '4/30/2017', '5/18/2021', '9/25/2020', 39, 51, 14);
insert into REZERWACJA (IdRezerwacji, DataRezerwacji, PoczatekPobytu, KoniecPobytu, IdKlienta, IdPokoju, IdHotelu) values (259, '7/28/2017', '1/28/2022', '11/19/2018', 61, 59, 7);
insert into REZERWACJA (IdRezerwacji, DataRezerwacji, PoczatekPobytu, KoniecPobytu, IdKlienta, IdPokoju, IdHotelu) values (260, '2/16/2018', '8/5/2017', '11/4/2020', 58, 16, 14);
insert into REZERWACJA (IdRezerwacji, DataRezerwacji, PoczatekPobytu, KoniecPobytu, IdKlienta, IdPokoju, IdHotelu) values (261, '7/4/2018', '9/19/2017', '8/30/2015', 6, 33, 6);
insert into REZERWACJA (IdRezerwacji, DataRezerwacji, PoczatekPobytu, KoniecPobytu, IdKlienta, IdPokoju, IdHotelu) values (262, '2/3/2022', '8/26/2016', '7/1/2018', 140, 97, 9);
insert into REZERWACJA (IdRezerwacji, DataRezerwacji, PoczatekPobytu, KoniecPobytu, IdKlienta, IdPokoju, IdHotelu) values (263, '5/14/2016', '6/29/2018', '12/19/2017', 129, 196, 2);
insert into REZERWACJA (IdRezerwacji, DataRezerwacji, PoczatekPobytu, KoniecPobytu, IdKlienta, IdPokoju, IdHotelu) values (264, '9/22/2018', '10/18/2018', '4/15/2019', 94, 58, 10);
insert into REZERWACJA (IdRezerwacji, DataRezerwacji, PoczatekPobytu, KoniecPobytu, IdKlienta, IdPokoju, IdHotelu) values (265, '7/24/2015', '7/15/2018', '7/25/2019', 166, 190, 1);
insert into REZERWACJA (IdRezerwacji, DataRezerwacji, PoczatekPobytu, KoniecPobytu, IdKlienta, IdPokoju, IdHotelu) values (266, '1/4/2021', '5/1/2017', '5/7/2018', 56, 93, 2);
insert into REZERWACJA (IdRezerwacji, DataRezerwacji, PoczatekPobytu, KoniecPobytu, IdKlienta, IdPokoju, IdHotelu) values (267, '6/10/2017', '3/22/2020', '3/13/2018', 35, 76, 9);
insert into REZERWACJA (IdRezerwacji, DataRezerwacji, PoczatekPobytu, KoniecPobytu, IdKlienta, IdPokoju, IdHotelu) values (268, '9/1/2017', '5/17/2019', '8/18/2015', 180, 18, 2);
insert into REZERWACJA (IdRezerwacji, DataRezerwacji, PoczatekPobytu, KoniecPobytu, IdKlienta, IdPokoju, IdHotelu) values (269, '7/27/2020', '4/21/2016', '8/25/2018', 164, 171, 9);
insert into REZERWACJA (IdRezerwacji, DataRezerwacji, PoczatekPobytu, KoniecPobytu, IdKlienta, IdPokoju, IdHotelu) values (270, '2/13/2019', '9/28/2019', '2/28/2017', 125, 197, 14);
insert into REZERWACJA (IdRezerwacji, DataRezerwacji, PoczatekPobytu, KoniecPobytu, IdKlienta, IdPokoju, IdHotelu) values (271, '12/4/2019', '2/24/2016', '9/10/2018', 19, 67, 5);
insert into REZERWACJA (IdRezerwacji, DataRezerwacji, PoczatekPobytu, KoniecPobytu, IdKlienta, IdPokoju, IdHotelu) values (272, '10/24/2021', '7/4/2017', '10/17/2016', 4, 104, 3);
insert into REZERWACJA (IdRezerwacji, DataRezerwacji, PoczatekPobytu, KoniecPobytu, IdKlienta, IdPokoju, IdHotelu) values (273, '9/7/2018', '8/2/2018', '10/10/2017', 138, 131, 2);
insert into REZERWACJA (IdRezerwacji, DataRezerwacji, PoczatekPobytu, KoniecPobytu, IdKlienta, IdPokoju, IdHotelu) values (274, '11/28/2019', '6/6/2015', '5/30/2016', 11, 187, 4);
insert into REZERWACJA (IdRezerwacji, DataRezerwacji, PoczatekPobytu, KoniecPobytu, IdKlienta, IdPokoju, IdHotelu) values (275, '10/8/2019', '9/13/2021', '6/18/2015', 183, 29, 7);
insert into REZERWACJA (IdRezerwacji, DataRezerwacji, PoczatekPobytu, KoniecPobytu, IdKlienta, IdPokoju, IdHotelu) values (276, '10/3/2018', '9/7/2017', '8/11/2018', 167, 134, 3);
insert into REZERWACJA (IdRezerwacji, DataRezerwacji, PoczatekPobytu, KoniecPobytu, IdKlienta, IdPokoju, IdHotelu) values (277, '5/27/2015', '1/19/2016', '6/17/2016', 76, 88, 3);
insert into REZERWACJA (IdRezerwacji, DataRezerwacji, PoczatekPobytu, KoniecPobytu, IdKlienta, IdPokoju, IdHotelu) values (278, '3/4/2021', '12/17/2019', '6/26/2019', 198, 156, 1);
insert into REZERWACJA (IdRezerwacji, DataRezerwacji, PoczatekPobytu, KoniecPobytu, IdKlienta, IdPokoju, IdHotelu) values (279, '12/4/2015', '12/27/2020', '1/7/2022', 148, 110, 2);
insert into REZERWACJA (IdRezerwacji, DataRezerwacji, PoczatekPobytu, KoniecPobytu, IdKlienta, IdPokoju, IdHotelu) values (280, '11/19/2016', '3/31/2020', '11/29/2019', 131, 57, 5);
insert into REZERWACJA (IdRezerwacji, DataRezerwacji, PoczatekPobytu, KoniecPobytu, IdKlienta, IdPokoju, IdHotelu) values (281, '3/28/2020', '12/20/2015', '1/14/2020', 172, 78, 12);
insert into REZERWACJA (IdRezerwacji, DataRezerwacji, PoczatekPobytu, KoniecPobytu, IdKlienta, IdPokoju, IdHotelu) values (282, '11/25/2021', '10/9/2021', '1/23/2020', 200, 62, 5);
insert into REZERWACJA (IdRezerwacji, DataRezerwacji, PoczatekPobytu, KoniecPobytu, IdKlienta, IdPokoju, IdHotelu) values (283, '9/29/2020', '9/8/2020', '2/11/2022', 3, 121, 5);
insert into REZERWACJA (IdRezerwacji, DataRezerwacji, PoczatekPobytu, KoniecPobytu, IdKlienta, IdPokoju, IdHotelu) values (284, '7/2/2021', '8/30/2019', '11/8/2016', 163, 188, 4);
insert into REZERWACJA (IdRezerwacji, DataRezerwacji, PoczatekPobytu, KoniecPobytu, IdKlienta, IdPokoju, IdHotelu) values (285, '11/5/2016', '5/22/2018', '2/4/2018', 93, 146, 7);
insert into REZERWACJA (IdRezerwacji, DataRezerwacji, PoczatekPobytu, KoniecPobytu, IdKlienta, IdPokoju, IdHotelu) values (286, '12/7/2018', '10/8/2017', '1/19/2021', 150, 5, 2);
insert into REZERWACJA (IdRezerwacji, DataRezerwacji, PoczatekPobytu, KoniecPobytu, IdKlienta, IdPokoju, IdHotelu) values (287, '7/28/2020', '8/26/2019', '6/15/2021', 13, 139, 1);
insert into REZERWACJA (IdRezerwacji, DataRezerwacji, PoczatekPobytu, KoniecPobytu, IdKlienta, IdPokoju, IdHotelu) values (288, '1/14/2020', '2/19/2021', '10/9/2021', 19, 130, 1);
insert into REZERWACJA (IdRezerwacji, DataRezerwacji, PoczatekPobytu, KoniecPobytu, IdKlienta, IdPokoju, IdHotelu) values (289, '9/30/2019', '4/10/2018', '7/20/2016', 66, 140, 2);
insert into REZERWACJA (IdRezerwacji, DataRezerwacji, PoczatekPobytu, KoniecPobytu, IdKlienta, IdPokoju, IdHotelu) values (290, '12/31/2015', '3/19/2022', '1/3/2020', 172, 89, 4);
insert into REZERWACJA (IdRezerwacji, DataRezerwacji, PoczatekPobytu, KoniecPobytu, IdKlienta, IdPokoju, IdHotelu) values (291, '6/10/2021', '3/9/2018', '3/3/2019', 3, 44, 12);
insert into REZERWACJA (IdRezerwacji, DataRezerwacji, PoczatekPobytu, KoniecPobytu, IdKlienta, IdPokoju, IdHotelu) values (292, '6/23/2021', '7/19/2017', '2/21/2022', 149, 171, 2);
insert into REZERWACJA (IdRezerwacji, DataRezerwacji, PoczatekPobytu, KoniecPobytu, IdKlienta, IdPokoju, IdHotelu) values (293, '10/18/2018', '1/14/2017', '12/2/2016', 50, 82, 7);
insert into REZERWACJA (IdRezerwacji, DataRezerwacji, PoczatekPobytu, KoniecPobytu, IdKlienta, IdPokoju, IdHotelu) values (294, '8/21/2020', '10/7/2020', '8/30/2017', 80, 102, 10);
insert into REZERWACJA (IdRezerwacji, DataRezerwacji, PoczatekPobytu, KoniecPobytu, IdKlienta, IdPokoju, IdHotelu) values (295, '3/31/2019', '11/30/2021', '8/22/2019', 94, 27, 8);
insert into REZERWACJA (IdRezerwacji, DataRezerwacji, PoczatekPobytu, KoniecPobytu, IdKlienta, IdPokoju, IdHotelu) values (296, '5/14/2021', '7/10/2020', '12/18/2020', 5, 13, 10);
insert into REZERWACJA (IdRezerwacji, DataRezerwacji, PoczatekPobytu, KoniecPobytu, IdKlienta, IdPokoju, IdHotelu) values (297, '9/15/2018', '10/12/2019', '12/9/2018', 33, 192, 2);
insert into REZERWACJA (IdRezerwacji, DataRezerwacji, PoczatekPobytu, KoniecPobytu, IdKlienta, IdPokoju, IdHotelu) values (298, '4/1/2018', '1/30/2017', '9/28/2018', 118, 197, 10);
insert into REZERWACJA (IdRezerwacji, DataRezerwacji, PoczatekPobytu, KoniecPobytu, IdKlienta, IdPokoju, IdHotelu) values (299, '4/19/2018', '1/22/2022', '9/6/2021', 59, 116, 6);
insert into REZERWACJA (IdRezerwacji, DataRezerwacji, PoczatekPobytu, KoniecPobytu, IdKlienta, IdPokoju, IdHotelu) values (300, '7/27/2017', '3/1/2018', '9/23/2016', 138, 150, 3);

