insert into STATUS_KLIENTA (IdStatusu, NazwaStayusu, ZnizkaProcentowa, CzyWliczoneSniadania) values (1, 'vip', 50, true);
insert into STATUS_KLIENTA (IdStatusu, NazwaStayusu, ZnizkaProcentowa, CzyWliczoneSniadania) values (2, 'vip', 50, false);
insert into STATUS_KLIENTA (IdStatusu, NazwaStayusu, ZnizkaProcentowa, CzyWliczoneSniadania) values (3, 'ekskluzywny', 25, true);
insert into STATUS_KLIENTA (IdStatusu, NazwaStayusu, ZnizkaProcentowa, CzyWliczoneSniadania) values (4, 'ekskluzywny', 25, false);
insert into STATUS_KLIENTA (IdStatusu, NazwaStayusu, ZnizkaProcentowa, CzyWliczoneSniadania) values (5, 'normalny', 0, false);
insert into STATUS_KLIENTA (IdStatusu, NazwaStayusu, ZnizkaProcentowa, CzyWliczoneSniadania) values (6, 'normalny', 0, true);

insert into KATEGORIA_POKOJU (IdKategorii, CzyJestŁazienka, CzyJestBalkon, NazwaKategorii, CzyJestLodowka, DwuosoboweLozko) values (1, false, false, 'zwykly', false, false);
insert into KATEGORIA_POKOJU (IdKategorii, CzyJestŁazienka, CzyJestBalkon, NazwaKategorii, CzyJestLodowka, DwuosoboweLozko) values (2, false, false, 'zwykly', false, true);
insert into KATEGORIA_POKOJU (IdKategorii, CzyJestŁazienka, CzyJestBalkon, NazwaKategorii, CzyJestLodowka, DwuosoboweLozko) values (3, true, false, 'srebro', false, false);
insert into KATEGORIA_POKOJU (IdKategorii, CzyJestŁazienka, CzyJestBalkon, NazwaKategorii, CzyJestLodowka, DwuosoboweLozko) values (4, true, false, 'srebro', false, true);
insert into KATEGORIA_POKOJU (IdKategorii, CzyJestŁazienka, CzyJestBalkon, NazwaKategorii, CzyJestLodowka, DwuosoboweLozko) values (5, true, true, 'złoto', false, false);
insert into KATEGORIA_POKOJU (IdKategorii, CzyJestŁazienka, CzyJestBalkon, NazwaKategorii, CzyJestLodowka, DwuosoboweLozko) values (6, true, true, 'złoto', false, true);
insert into KATEGORIA_POKOJU (IdKategorii, CzyJestŁazienka, CzyJestBalkon, NazwaKategorii, CzyJestLodowka, DwuosoboweLozko) values (7, true, true, 'diament', true, false);
insert into KATEGORIA_POKOJU (IdKategorii, CzyJestŁazienka, CzyJestBalkon, NazwaKategorii, CzyJestLodowka, DwuosoboweLozko) values (8, true, true, 'diament', true, true);


insert into Pokoj (IdPokoju, NumerPokoju, CzyZajęty, IdKategorii, Cena pokoju, IdHotelu, LiczbaOsób) values (1, 228, true, 3, 150, 12, 1);
insert into Pokoj (IdPokoju, NumerPokoju, CzyZajęty, IdKategorii, Cena pokoju, IdHotelu, LiczbaOsób) values (2, 284, true, 6, 300, 9, 1);
insert into Pokoj (IdPokoju, NumerPokoju, CzyZajęty, IdKategorii, Cena pokoju, IdHotelu, LiczbaOsób) values (3, 238, true, 1, 50, 9, 2);
insert into Pokoj (IdPokoju, NumerPokoju, CzyZajęty, IdKategorii, Cena pokoju, IdHotelu, LiczbaOsób) values (4, 157, false, 2, 100, 1, 4);
insert into Pokoj (IdPokoju, NumerPokoju, CzyZajęty, IdKategorii, Cena pokoju, IdHotelu, LiczbaOsób) values (5, 337, true, 6, 300, 11, 4);
insert into Pokoj (IdPokoju, NumerPokoju, CzyZajęty, IdKategorii, Cena pokoju, IdHotelu, LiczbaOsób) values (6, 266, false, 8, 400, 12, 3);
insert into Pokoj (IdPokoju, NumerPokoju, CzyZajęty, IdKategorii, Cena pokoju, IdHotelu, LiczbaOsób) values (7, 392, false, 8, 400, 8, 5);
insert into Pokoj (IdPokoju, NumerPokoju, CzyZajęty, IdKategorii, Cena pokoju, IdHotelu, LiczbaOsób) values (8, 240, true, 1, 50, 11, 5);
insert into Pokoj (IdPokoju, NumerPokoju, CzyZajęty, IdKategorii, Cena pokoju, IdHotelu, LiczbaOsób) values (9, 339, true, 5, 250, 6, 2);
insert into Pokoj (IdPokoju, NumerPokoju, CzyZajęty, IdKategorii, Cena pokoju, IdHotelu, LiczbaOsób) values (10, 358, false, 7, 350, 10, 5);
insert into Pokoj (IdPokoju, NumerPokoju, CzyZajęty, IdKategorii, Cena pokoju, IdHotelu, LiczbaOsób) values (11, 223, false, 4, 200, 5, 5);
insert into Pokoj (IdPokoju, NumerPokoju, CzyZajęty, IdKategorii, Cena pokoju, IdHotelu, LiczbaOsób) values (12, 275, false, 3, 150, 3, 1);
insert into Pokoj (IdPokoju, NumerPokoju, CzyZajęty, IdKategorii, Cena pokoju, IdHotelu, LiczbaOsób) values (13, 105, false, 1, 50, 7, 4);
insert into Pokoj (IdPokoju, NumerPokoju, CzyZajęty, IdKategorii, Cena pokoju, IdHotelu, LiczbaOsób) values (14, 286, true, 2, 100, 7, 4);
insert into Pokoj (IdPokoju, NumerPokoju, CzyZajęty, IdKategorii, Cena pokoju, IdHotelu, LiczbaOsób) values (15, 262, false, 1, 50, 15, 2);
insert into Pokoj (IdPokoju, NumerPokoju, CzyZajęty, IdKategorii, Cena pokoju, IdHotelu, LiczbaOsób) values (16, 195, true, 4, 200, 3, 2);
insert into Pokoj (IdPokoju, NumerPokoju, CzyZajęty, IdKategorii, Cena pokoju, IdHotelu, LiczbaOsób) values (17, 127, true, 4, 200, 15, 2);
insert into Pokoj (IdPokoju, NumerPokoju, CzyZajęty, IdKategorii, Cena pokoju, IdHotelu, LiczbaOsób) values (18, 247, true, 5, 250, 10, 5);
insert into Pokoj (IdPokoju, NumerPokoju, CzyZajęty, IdKategorii, Cena pokoju, IdHotelu, LiczbaOsób) values (19, 384, false, 5, 250, 7, 1);
insert into Pokoj (IdPokoju, NumerPokoju, CzyZajęty, IdKategorii, Cena pokoju, IdHotelu, LiczbaOsób) values (20, 293, false, 5, 250, 6, 1);
insert into Pokoj (IdPokoju, NumerPokoju, CzyZajęty, IdKategorii, Cena pokoju, IdHotelu, LiczbaOsób) values (21, 326, false, 1, 50, 10, 5);
insert into Pokoj (IdPokoju, NumerPokoju, CzyZajęty, IdKategorii, Cena pokoju, IdHotelu, LiczbaOsób) values (22, 104, true, 4, 200, 12, 2);
insert into Pokoj (IdPokoju, NumerPokoju, CzyZajęty, IdKategorii, Cena pokoju, IdHotelu, LiczbaOsób) values (23, 132, true, 7, 350, 13, 2);
insert into Pokoj (IdPokoju, NumerPokoju, CzyZajęty, IdKategorii, Cena pokoju, IdHotelu, LiczbaOsób) values (24, 283, true, 2, 100, 14, 1);
insert into Pokoj (IdPokoju, NumerPokoju, CzyZajęty, IdKategorii, Cena pokoju, IdHotelu, LiczbaOsób) values (25, 288, false, 6, 300, 10, 1);
insert into Pokoj (IdPokoju, NumerPokoju, CzyZajęty, IdKategorii, Cena pokoju, IdHotelu, LiczbaOsób) values (26, 136, true, 7, 350, 6, 4);
insert into Pokoj (IdPokoju, NumerPokoju, CzyZajęty, IdKategorii, Cena pokoju, IdHotelu, LiczbaOsób) values (27, 187, false, 5, 250, 2, 5);
insert into Pokoj (IdPokoju, NumerPokoju, CzyZajęty, IdKategorii, Cena pokoju, IdHotelu, LiczbaOsób) values (28, 136, false, 3, 150, 10, 3);
insert into Pokoj (IdPokoju, NumerPokoju, CzyZajęty, IdKategorii, Cena pokoju, IdHotelu, LiczbaOsób) values (29, 306, false, 2, 100, 14, 3);
insert into Pokoj (IdPokoju, NumerPokoju, CzyZajęty, IdKategorii, Cena pokoju, IdHotelu, LiczbaOsób) values (30, 192, true, 7, 350, 7, 2);
insert into Pokoj (IdPokoju, NumerPokoju, CzyZajęty, IdKategorii, Cena pokoju, IdHotelu, LiczbaOsób) values (31, 178, false, 6, 300, 9, 1);
insert into Pokoj (IdPokoju, NumerPokoju, CzyZajęty, IdKategorii, Cena pokoju, IdHotelu, LiczbaOsób) values (32, 381, false, 2, 100, 15, 2);
insert into Pokoj (IdPokoju, NumerPokoju, CzyZajęty, IdKategorii, Cena pokoju, IdHotelu, LiczbaOsób) values (33, 152, false, 1, 50, 6, 3);
insert into Pokoj (IdPokoju, NumerPokoju, CzyZajęty, IdKategorii, Cena pokoju, IdHotelu, LiczbaOsób) values (34, 347, true, 1, 50, 10, 5);
insert into Pokoj (IdPokoju, NumerPokoju, CzyZajęty, IdKategorii, Cena pokoju, IdHotelu, LiczbaOsób) values (35, 356, false, 7, 350, 2, 1);
insert into Pokoj (IdPokoju, NumerPokoju, CzyZajęty, IdKategorii, Cena pokoju, IdHotelu, LiczbaOsób) values (36, 299, true, 4, 200, 7, 1);
insert into Pokoj (IdPokoju, NumerPokoju, CzyZajęty, IdKategorii, Cena pokoju, IdHotelu, LiczbaOsób) values (37, 307, false, 5, 250, 12, 1);
insert into Pokoj (IdPokoju, NumerPokoju, CzyZajęty, IdKategorii, Cena pokoju, IdHotelu, LiczbaOsób) values (38, 115, false, 2, 100, 1, 1);
insert into Pokoj (IdPokoju, NumerPokoju, CzyZajęty, IdKategorii, Cena pokoju, IdHotelu, LiczbaOsób) values (39, 205, true, 5, 250, 5, 4);
insert into Pokoj (IdPokoju, NumerPokoju, CzyZajęty, IdKategorii, Cena pokoju, IdHotelu, LiczbaOsób) values (40, 203, true, 6, 300, 2, 3);
insert into Pokoj (IdPokoju, NumerPokoju, CzyZajęty, IdKategorii, Cena pokoju, IdHotelu, LiczbaOsób) values (41, 141, false, 2, 100, 6, 4);
insert into Pokoj (IdPokoju, NumerPokoju, CzyZajęty, IdKategorii, Cena pokoju, IdHotelu, LiczbaOsób) values (42, 343, false, 2, 100, 12, 5);
insert into Pokoj (IdPokoju, NumerPokoju, CzyZajęty, IdKategorii, Cena pokoju, IdHotelu, LiczbaOsób) values (43, 180, true, 4, 200, 8, 1);
insert into Pokoj (IdPokoju, NumerPokoju, CzyZajęty, IdKategorii, Cena pokoju, IdHotelu, LiczbaOsób) values (44, 139, false, 5, 250, 9, 5);
insert into Pokoj (IdPokoju, NumerPokoju, CzyZajęty, IdKategorii, Cena pokoju, IdHotelu, LiczbaOsób) values (45, 260, false, 7, 350, 2, 5);
insert into Pokoj (IdPokoju, NumerPokoju, CzyZajęty, IdKategorii, Cena pokoju, IdHotelu, LiczbaOsób) values (46, 273, false, 2, 100, 2, 5);
insert into Pokoj (IdPokoju, NumerPokoju, CzyZajęty, IdKategorii, Cena pokoju, IdHotelu, LiczbaOsób) values (47, 246, false, 5, 250, 6, 4);
insert into Pokoj (IdPokoju, NumerPokoju, CzyZajęty, IdKategorii, Cena pokoju, IdHotelu, LiczbaOsób) values (48, 230, true, 3, 150, 9, 4);
insert into Pokoj (IdPokoju, NumerPokoju, CzyZajęty, IdKategorii, Cena pokoju, IdHotelu, LiczbaOsób) values (49, 310, true, 5, 250, 12, 5);
insert into Pokoj (IdPokoju, NumerPokoju, CzyZajęty, IdKategorii, Cena pokoju, IdHotelu, LiczbaOsób) values (50, 134, false, 4, 200, 10, 5);
insert into Pokoj (IdPokoju, NumerPokoju, CzyZajęty, IdKategorii, Cena pokoju, IdHotelu, LiczbaOsób) values (51, 345, true, 6, 300, 6, 2);
insert into Pokoj (IdPokoju, NumerPokoju, CzyZajęty, IdKategorii, Cena pokoju, IdHotelu, LiczbaOsób) values (52, 372, false, 2, 100, 7, 4);
insert into Pokoj (IdPokoju, NumerPokoju, CzyZajęty, IdKategorii, Cena pokoju, IdHotelu, LiczbaOsób) values (53, 112, false, 8, 400, 14, 2);
insert into Pokoj (IdPokoju, NumerPokoju, CzyZajęty, IdKategorii, Cena pokoju, IdHotelu, LiczbaOsób) values (54, 395, true, 6, 300, 7, 3);
insert into Pokoj (IdPokoju, NumerPokoju, CzyZajęty, IdKategorii, Cena pokoju, IdHotelu, LiczbaOsób) values (55, 363, true, 7, 350, 15, 3);
insert into Pokoj (IdPokoju, NumerPokoju, CzyZajęty, IdKategorii, Cena pokoju, IdHotelu, LiczbaOsób) values (56, 227, false, 8, 400, 7, 2);
insert into Pokoj (IdPokoju, NumerPokoju, CzyZajęty, IdKategorii, Cena pokoju, IdHotelu, LiczbaOsób) values (57, 159, false, 1, 50, 7, 2);
insert into Pokoj (IdPokoju, NumerPokoju, CzyZajęty, IdKategorii, Cena pokoju, IdHotelu, LiczbaOsób) values (58, 115, false, 3, 150, 15, 4);
insert into Pokoj (IdPokoju, NumerPokoju, CzyZajęty, IdKategorii, Cena pokoju, IdHotelu, LiczbaOsób) values (59, 361, false, 4, 200, 12, 3);
insert into Pokoj (IdPokoju, NumerPokoju, CzyZajęty, IdKategorii, Cena pokoju, IdHotelu, LiczbaOsób) values (60, 220, false, 7, 350, 9, 2);
insert into Pokoj (IdPokoju, NumerPokoju, CzyZajęty, IdKategorii, Cena pokoju, IdHotelu, LiczbaOsób) values (61, 316, false, 5, 250, 12, 5);
insert into Pokoj (IdPokoju, NumerPokoju, CzyZajęty, IdKategorii, Cena pokoju, IdHotelu, LiczbaOsób) values (62, 389, true, 8, 400, 5, 3);
insert into Pokoj (IdPokoju, NumerPokoju, CzyZajęty, IdKategorii, Cena pokoju, IdHotelu, LiczbaOsób) values (63, 158, true, 6, 300, 15, 5);
insert into Pokoj (IdPokoju, NumerPokoju, CzyZajęty, IdKategorii, Cena pokoju, IdHotelu, LiczbaOsób) values (64, 307, true, 2, 100, 14, 4);
insert into Pokoj (IdPokoju, NumerPokoju, CzyZajęty, IdKategorii, Cena pokoju, IdHotelu, LiczbaOsób) values (65, 123, false, 8, 400, 11, 1);
insert into Pokoj (IdPokoju, NumerPokoju, CzyZajęty, IdKategorii, Cena pokoju, IdHotelu, LiczbaOsób) values (66, 176, true, 4, 200, 1, 1);
insert into Pokoj (IdPokoju, NumerPokoju, CzyZajęty, IdKategorii, Cena pokoju, IdHotelu, LiczbaOsób) values (67, 394, true, 7, 350, 12, 3);
insert into Pokoj (IdPokoju, NumerPokoju, CzyZajęty, IdKategorii, Cena pokoju, IdHotelu, LiczbaOsób) values (68, 387, true, 6, 300, 11, 1);
insert into Pokoj (IdPokoju, NumerPokoju, CzyZajęty, IdKategorii, Cena pokoju, IdHotelu, LiczbaOsób) values (69, 350, true, 5, 250, 12, 3);
insert into Pokoj (IdPokoju, NumerPokoju, CzyZajęty, IdKategorii, Cena pokoju, IdHotelu, LiczbaOsób) values (70, 205, true, 5, 250, 3, 2);
insert into Pokoj (IdPokoju, NumerPokoju, CzyZajęty, IdKategorii, Cena pokoju, IdHotelu, LiczbaOsób) values (71, 262, true, 4, 200, 9, 3);
insert into Pokoj (IdPokoju, NumerPokoju, CzyZajęty, IdKategorii, Cena pokoju, IdHotelu, LiczbaOsób) values (72, 197, false, 2, 100, 6, 5);
insert into Pokoj (IdPokoju, NumerPokoju, CzyZajęty, IdKategorii, Cena pokoju, IdHotelu, LiczbaOsób) values (73, 203, true, 6, 300, 11, 4);
insert into Pokoj (IdPokoju, NumerPokoju, CzyZajęty, IdKategorii, Cena pokoju, IdHotelu, LiczbaOsób) values (74, 314, false, 5, 250, 12, 4);
insert into Pokoj (IdPokoju, NumerPokoju, CzyZajęty, IdKategorii, Cena pokoju, IdHotelu, LiczbaOsób) values (75, 194, true, 6, 300, 3, 2);
insert into Pokoj (IdPokoju, NumerPokoju, CzyZajęty, IdKategorii, Cena pokoju, IdHotelu, LiczbaOsób) values (76, 233, true, 4, 200, 2, 3);
insert into Pokoj (IdPokoju, NumerPokoju, CzyZajęty, IdKategorii, Cena pokoju, IdHotelu, LiczbaOsób) values (77, 286, false, 8, 400, 10, 4);
insert into Pokoj (IdPokoju, NumerPokoju, CzyZajęty, IdKategorii, Cena pokoju, IdHotelu, LiczbaOsób) values (78, 307, false, 1, 50, 13, 3);
insert into Pokoj (IdPokoju, NumerPokoju, CzyZajęty, IdKategorii, Cena pokoju, IdHotelu, LiczbaOsób) values (79, 162, false, 4, 200, 5, 2);
insert into Pokoj (IdPokoju, NumerPokoju, CzyZajęty, IdKategorii, Cena pokoju, IdHotelu, LiczbaOsób) values (80, 273, false, 8, 400, 8, 5);
insert into Pokoj (IdPokoju, NumerPokoju, CzyZajęty, IdKategorii, Cena pokoju, IdHotelu, LiczbaOsób) values (81, 322, true, 2, 100, 3, 5);
insert into Pokoj (IdPokoju, NumerPokoju, CzyZajęty, IdKategorii, Cena pokoju, IdHotelu, LiczbaOsób) values (82, 318, true, 5, 250, 11, 5);
insert into Pokoj (IdPokoju, NumerPokoju, CzyZajęty, IdKategorii, Cena pokoju, IdHotelu, LiczbaOsób) values (83, 171, false, 6, 300, 4, 3);
insert into Pokoj (IdPokoju, NumerPokoju, CzyZajęty, IdKategorii, Cena pokoju, IdHotelu, LiczbaOsób) values (84, 350, true, 4, 200, 15, 3);
insert into Pokoj (IdPokoju, NumerPokoju, CzyZajęty, IdKategorii, Cena pokoju, IdHotelu, LiczbaOsób) values (85, 273, true, 3, 150, 9, 3);
insert into Pokoj (IdPokoju, NumerPokoju, CzyZajęty, IdKategorii, Cena pokoju, IdHotelu, LiczbaOsób) values (86, 124, true, 2, 100, 6, 2);
insert into Pokoj (IdPokoju, NumerPokoju, CzyZajęty, IdKategorii, Cena pokoju, IdHotelu, LiczbaOsób) values (87, 365, true, 7, 350, 2, 5);
insert into Pokoj (IdPokoju, NumerPokoju, CzyZajęty, IdKategorii, Cena pokoju, IdHotelu, LiczbaOsób) values (88, 384, false, 1, 50, 11, 5);
insert into Pokoj (IdPokoju, NumerPokoju, CzyZajęty, IdKategorii, Cena pokoju, IdHotelu, LiczbaOsób) values (89, 215, false, 3, 150, 2, 1);
insert into Pokoj (IdPokoju, NumerPokoju, CzyZajęty, IdKategorii, Cena pokoju, IdHotelu, LiczbaOsób) values (90, 387, true, 3, 150, 4, 3);
insert into Pokoj (IdPokoju, NumerPokoju, CzyZajęty, IdKategorii, Cena pokoju, IdHotelu, LiczbaOsób) values (91, 169, true, 8, 400, 5, 5);
insert into Pokoj (IdPokoju, NumerPokoju, CzyZajęty, IdKategorii, Cena pokoju, IdHotelu, LiczbaOsób) values (92, 355, false, 8, 400, 11, 2);
insert into Pokoj (IdPokoju, NumerPokoju, CzyZajęty, IdKategorii, Cena pokoju, IdHotelu, LiczbaOsób) values (93, 152, true, 4, 200, 4, 3);
insert into Pokoj (IdPokoju, NumerPokoju, CzyZajęty, IdKategorii, Cena pokoju, IdHotelu, LiczbaOsób) values (94, 263, true, 3, 150, 15, 1);
insert into Pokoj (IdPokoju, NumerPokoju, CzyZajęty, IdKategorii, Cena pokoju, IdHotelu, LiczbaOsób) values (95, 107, false, 2, 100, 2, 2);
insert into Pokoj (IdPokoju, NumerPokoju, CzyZajęty, IdKategorii, Cena pokoju, IdHotelu, LiczbaOsób) values (96, 337, true, 7, 350, 13, 3);
insert into Pokoj (IdPokoju, NumerPokoju, CzyZajęty, IdKategorii, Cena pokoju, IdHotelu, LiczbaOsób) values (97, 321, false, 5, 250, 5, 1);
insert into Pokoj (IdPokoju, NumerPokoju, CzyZajęty, IdKategorii, Cena pokoju, IdHotelu, LiczbaOsób) values (98, 137, true, 1, 50, 14, 2);
insert into Pokoj (IdPokoju, NumerPokoju, CzyZajęty, IdKategorii, Cena pokoju, IdHotelu, LiczbaOsób) values (99, 198, true, 7, 350, 9, 4);
insert into Pokoj (IdPokoju, NumerPokoju, CzyZajęty, IdKategorii, Cena pokoju, IdHotelu, LiczbaOsób) values (100, 161, false, 7, 350, 2, 2);
insert into Pokoj (IdPokoju, NumerPokoju, CzyZajęty, IdKategorii, Cena pokoju, IdHotelu, LiczbaOsób) values (101, 288, true, 5, 250, 11, 1);
insert into Pokoj (IdPokoju, NumerPokoju, CzyZajęty, IdKategorii, Cena pokoju, IdHotelu, LiczbaOsób) values (102, 360, true, 3, 150, 6, 3);
insert into Pokoj (IdPokoju, NumerPokoju, CzyZajęty, IdKategorii, Cena pokoju, IdHotelu, LiczbaOsób) values (103, 109, false, 3, 150, 3, 4);
insert into Pokoj (IdPokoju, NumerPokoju, CzyZajęty, IdKategorii, Cena pokoju, IdHotelu, LiczbaOsób) values (104, 203, true, 2, 100, 13, 5);
insert into Pokoj (IdPokoju, NumerPokoju, CzyZajęty, IdKategorii, Cena pokoju, IdHotelu, LiczbaOsób) values (105, 163, true, 3, 150, 6, 2);
insert into Pokoj (IdPokoju, NumerPokoju, CzyZajęty, IdKategorii, Cena pokoju, IdHotelu, LiczbaOsób) values (106, 349, false, 7, 350, 2, 5);
insert into Pokoj (IdPokoju, NumerPokoju, CzyZajęty, IdKategorii, Cena pokoju, IdHotelu, LiczbaOsób) values (107, 139, false, 1, 50, 13, 2);
insert into Pokoj (IdPokoju, NumerPokoju, CzyZajęty, IdKategorii, Cena pokoju, IdHotelu, LiczbaOsób) values (108, 183, false, 3, 150, 15, 1);
insert into Pokoj (IdPokoju, NumerPokoju, CzyZajęty, IdKategorii, Cena pokoju, IdHotelu, LiczbaOsób) values (109, 245, true, 4, 200, 4, 2);
insert into Pokoj (IdPokoju, NumerPokoju, CzyZajęty, IdKategorii, Cena pokoju, IdHotelu, LiczbaOsób) values (110, 174, false, 5, 250, 3, 2);
insert into Pokoj (IdPokoju, NumerPokoju, CzyZajęty, IdKategorii, Cena pokoju, IdHotelu, LiczbaOsób) values (111, 193, true, 7, 350, 6, 2);
insert into Pokoj (IdPokoju, NumerPokoju, CzyZajęty, IdKategorii, Cena pokoju, IdHotelu, LiczbaOsób) values (112, 327, true, 1, 50, 5, 5);
insert into Pokoj (IdPokoju, NumerPokoju, CzyZajęty, IdKategorii, Cena pokoju, IdHotelu, LiczbaOsób) values (113, 100, false, 3, 150, 7, 2);
insert into Pokoj (IdPokoju, NumerPokoju, CzyZajęty, IdKategorii, Cena pokoju, IdHotelu, LiczbaOsób) values (114, 318, true, 8, 400, 15, 3);
insert into Pokoj (IdPokoju, NumerPokoju, CzyZajęty, IdKategorii, Cena pokoju, IdHotelu, LiczbaOsób) values (115, 296, true, 1, 50, 9, 1);
insert into Pokoj (IdPokoju, NumerPokoju, CzyZajęty, IdKategorii, Cena pokoju, IdHotelu, LiczbaOsób) values (116, 161, false, 3, 150, 4, 4);
insert into Pokoj (IdPokoju, NumerPokoju, CzyZajęty, IdKategorii, Cena pokoju, IdHotelu, LiczbaOsób) values (117, 221, false, 7, 350, 14, 1);
insert into Pokoj (IdPokoju, NumerPokoju, CzyZajęty, IdKategorii, Cena pokoju, IdHotelu, LiczbaOsób) values (118, 390, true, 8, 400, 8, 4);
insert into Pokoj (IdPokoju, NumerPokoju, CzyZajęty, IdKategorii, Cena pokoju, IdHotelu, LiczbaOsób) values (119, 123, true, 5, 250, 13, 1);
insert into Pokoj (IdPokoju, NumerPokoju, CzyZajęty, IdKategorii, Cena pokoju, IdHotelu, LiczbaOsób) values (120, 190, true, 4, 200, 2, 3);
insert into Pokoj (IdPokoju, NumerPokoju, CzyZajęty, IdKategorii, Cena pokoju, IdHotelu, LiczbaOsób) values (121, 309, true, 1, 50, 3, 4);
insert into Pokoj (IdPokoju, NumerPokoju, CzyZajęty, IdKategorii, Cena pokoju, IdHotelu, LiczbaOsób) values (122, 125, false, 1, 50, 5, 5);
insert into Pokoj (IdPokoju, NumerPokoju, CzyZajęty, IdKategorii, Cena pokoju, IdHotelu, LiczbaOsób) values (123, 135, false, 2, 100, 14, 4);
insert into Pokoj (IdPokoju, NumerPokoju, CzyZajęty, IdKategorii, Cena pokoju, IdHotelu, LiczbaOsób) values (124, 315, false, 8, 400, 14, 3);
insert into Pokoj (IdPokoju, NumerPokoju, CzyZajęty, IdKategorii, Cena pokoju, IdHotelu, LiczbaOsób) values (125, 129, true, 4, 200, 10, 1);
insert into Pokoj (IdPokoju, NumerPokoju, CzyZajęty, IdKategorii, Cena pokoju, IdHotelu, LiczbaOsób) values (126, 386, true, 6, 300, 15, 3);
insert into Pokoj (IdPokoju, NumerPokoju, CzyZajęty, IdKategorii, Cena pokoju, IdHotelu, LiczbaOsób) values (127, 357, false, 6, 300, 12, 5);
insert into Pokoj (IdPokoju, NumerPokoju, CzyZajęty, IdKategorii, Cena pokoju, IdHotelu, LiczbaOsób) values (128, 145, true, 8, 400, 3, 2);
insert into Pokoj (IdPokoju, NumerPokoju, CzyZajęty, IdKategorii, Cena pokoju, IdHotelu, LiczbaOsób) values (129, 222, true, 5, 250, 3, 3);
insert into Pokoj (IdPokoju, NumerPokoju, CzyZajęty, IdKategorii, Cena pokoju, IdHotelu, LiczbaOsób) values (130, 263, false, 8, 400, 15, 1);
insert into Pokoj (IdPokoju, NumerPokoju, CzyZajęty, IdKategorii, Cena pokoju, IdHotelu, LiczbaOsób) values (131, 217, true, 1, 50, 3, 1);
insert into Pokoj (IdPokoju, NumerPokoju, CzyZajęty, IdKategorii, Cena pokoju, IdHotelu, LiczbaOsób) values (132, 272, true, 5, 250, 1, 3);
insert into Pokoj (IdPokoju, NumerPokoju, CzyZajęty, IdKategorii, Cena pokoju, IdHotelu, LiczbaOsób) values (133, 265, false, 4, 200, 3, 2);
insert into Pokoj (IdPokoju, NumerPokoju, CzyZajęty, IdKategorii, Cena pokoju, IdHotelu, LiczbaOsób) values (134, 175, true, 7, 350, 9, 5);
insert into Pokoj (IdPokoju, NumerPokoju, CzyZajęty, IdKategorii, Cena pokoju, IdHotelu, LiczbaOsób) values (135, 183, false, 8, 400, 4, 1);
insert into Pokoj (IdPokoju, NumerPokoju, CzyZajęty, IdKategorii, Cena pokoju, IdHotelu, LiczbaOsób) values (136, 374, false, 8, 400, 7, 1);
insert into Pokoj (IdPokoju, NumerPokoju, CzyZajęty, IdKategorii, Cena pokoju, IdHotelu, LiczbaOsób) values (137, 349, true, 1, 50, 6, 3);
insert into Pokoj (IdPokoju, NumerPokoju, CzyZajęty, IdKategorii, Cena pokoju, IdHotelu, LiczbaOsób) values (138, 107, true, 3, 150, 4, 1);
insert into Pokoj (IdPokoju, NumerPokoju, CzyZajęty, IdKategorii, Cena pokoju, IdHotelu, LiczbaOsób) values (139, 188, false, 5, 250, 11, 1);
insert into Pokoj (IdPokoju, NumerPokoju, CzyZajęty, IdKategorii, Cena pokoju, IdHotelu, LiczbaOsób) values (140, 306, false, 4, 200, 15, 4);
insert into Pokoj (IdPokoju, NumerPokoju, CzyZajęty, IdKategorii, Cena pokoju, IdHotelu, LiczbaOsób) values (141, 109, false, 2, 100, 9, 3);
insert into Pokoj (IdPokoju, NumerPokoju, CzyZajęty, IdKategorii, Cena pokoju, IdHotelu, LiczbaOsób) values (142, 331, true, 8, 400, 13, 2);
insert into Pokoj (IdPokoju, NumerPokoju, CzyZajęty, IdKategorii, Cena pokoju, IdHotelu, LiczbaOsób) values (143, 337, true, 7, 350, 14, 1);
insert into Pokoj (IdPokoju, NumerPokoju, CzyZajęty, IdKategorii, Cena pokoju, IdHotelu, LiczbaOsób) values (144, 111, true, 1, 50, 2, 4);
insert into Pokoj (IdPokoju, NumerPokoju, CzyZajęty, IdKategorii, Cena pokoju, IdHotelu, LiczbaOsób) values (145, 356, true, 2, 100, 7, 5);
insert into Pokoj (IdPokoju, NumerPokoju, CzyZajęty, IdKategorii, Cena pokoju, IdHotelu, LiczbaOsób) values (146, 257, false, 3, 150, 12, 4);
insert into Pokoj (IdPokoju, NumerPokoju, CzyZajęty, IdKategorii, Cena pokoju, IdHotelu, LiczbaOsób) values (147, 209, true, 4, 200, 11, 2);
insert into Pokoj (IdPokoju, NumerPokoju, CzyZajęty, IdKategorii, Cena pokoju, IdHotelu, LiczbaOsób) values (148, 292, false, 3, 150, 2, 2);
insert into Pokoj (IdPokoju, NumerPokoju, CzyZajęty, IdKategorii, Cena pokoju, IdHotelu, LiczbaOsób) values (149, 185, false, 7, 350, 5, 4);
insert into Pokoj (IdPokoju, NumerPokoju, CzyZajęty, IdKategorii, Cena pokoju, IdHotelu, LiczbaOsób) values (150, 192, true, 6, 300, 1, 2);
insert into Pokoj (IdPokoju, NumerPokoju, CzyZajęty, IdKategorii, Cena pokoju, IdHotelu, LiczbaOsób) values (151, 223, false, 7, 350, 14, 3);
insert into Pokoj (IdPokoju, NumerPokoju, CzyZajęty, IdKategorii, Cena pokoju, IdHotelu, LiczbaOsób) values (152, 179, true, 7, 350, 2, 5);
insert into Pokoj (IdPokoju, NumerPokoju, CzyZajęty, IdKategorii, Cena pokoju, IdHotelu, LiczbaOsób) values (153, 155, false, 8, 400, 5, 5);
insert into Pokoj (IdPokoju, NumerPokoju, CzyZajęty, IdKategorii, Cena pokoju, IdHotelu, LiczbaOsób) values (154, 294, true, 7, 350, 6, 5);
insert into Pokoj (IdPokoju, NumerPokoju, CzyZajęty, IdKategorii, Cena pokoju, IdHotelu, LiczbaOsób) values (155, 105, true, 4, 200, 5, 4);
insert into Pokoj (IdPokoju, NumerPokoju, CzyZajęty, IdKategorii, Cena pokoju, IdHotelu, LiczbaOsób) values (156, 392, false, 2, 100, 2, 4);
insert into Pokoj (IdPokoju, NumerPokoju, CzyZajęty, IdKategorii, Cena pokoju, IdHotelu, LiczbaOsób) values (157, 191, false, 4, 200, 10, 3);
insert into Pokoj (IdPokoju, NumerPokoju, CzyZajęty, IdKategorii, Cena pokoju, IdHotelu, LiczbaOsób) values (158, 179, true, 4, 200, 14, 4);
insert into Pokoj (IdPokoju, NumerPokoju, CzyZajęty, IdKategorii, Cena pokoju, IdHotelu, LiczbaOsób) values (159, 207, true, 4, 200, 7, 3);
insert into Pokoj (IdPokoju, NumerPokoju, CzyZajęty, IdKategorii, Cena pokoju, IdHotelu, LiczbaOsób) values (160, 378, false, 5, 250, 3, 3);
insert into Pokoj (IdPokoju, NumerPokoju, CzyZajęty, IdKategorii, Cena pokoju, IdHotelu, LiczbaOsób) values (161, 236, true, 2, 100, 5, 3);
insert into Pokoj (IdPokoju, NumerPokoju, CzyZajęty, IdKategorii, Cena pokoju, IdHotelu, LiczbaOsób) values (162, 291, false, 6, 300, 15, 2);
insert into Pokoj (IdPokoju, NumerPokoju, CzyZajęty, IdKategorii, Cena pokoju, IdHotelu, LiczbaOsób) values (163, 120, false, 6, 300, 11, 1);
insert into Pokoj (IdPokoju, NumerPokoju, CzyZajęty, IdKategorii, Cena pokoju, IdHotelu, LiczbaOsób) values (164, 301, true, 2, 100, 8, 4);
insert into Pokoj (IdPokoju, NumerPokoju, CzyZajęty, IdKategorii, Cena pokoju, IdHotelu, LiczbaOsób) values (165, 115, false, 1, 50, 15, 2);
insert into Pokoj (IdPokoju, NumerPokoju, CzyZajęty, IdKategorii, Cena pokoju, IdHotelu, LiczbaOsób) values (166, 307, false, 2, 100, 13, 3);
insert into Pokoj (IdPokoju, NumerPokoju, CzyZajęty, IdKategorii, Cena pokoju, IdHotelu, LiczbaOsób) values (167, 381, false, 6, 300, 8, 1);
insert into Pokoj (IdPokoju, NumerPokoju, CzyZajęty, IdKategorii, Cena pokoju, IdHotelu, LiczbaOsób) values (168, 136, true, 8, 400, 6, 2);
insert into Pokoj (IdPokoju, NumerPokoju, CzyZajęty, IdKategorii, Cena pokoju, IdHotelu, LiczbaOsób) values (169, 342, false, 1, 50, 15, 3);
insert into Pokoj (IdPokoju, NumerPokoju, CzyZajęty, IdKategorii, Cena pokoju, IdHotelu, LiczbaOsób) values (170, 154, true, 2, 100, 11, 3);
insert into Pokoj (IdPokoju, NumerPokoju, CzyZajęty, IdKategorii, Cena pokoju, IdHotelu, LiczbaOsób) values (171, 252, true, 3, 150, 11, 3);
insert into Pokoj (IdPokoju, NumerPokoju, CzyZajęty, IdKategorii, Cena pokoju, IdHotelu, LiczbaOsób) values (172, 187, false, 4, 200, 1, 1);
insert into Pokoj (IdPokoju, NumerPokoju, CzyZajęty, IdKategorii, Cena pokoju, IdHotelu, LiczbaOsób) values (173, 399, false, 3, 150, 6, 1);
insert into Pokoj (IdPokoju, NumerPokoju, CzyZajęty, IdKategorii, Cena pokoju, IdHotelu, LiczbaOsób) values (174, 141, true, 8, 400, 15, 4);
insert into Pokoj (IdPokoju, NumerPokoju, CzyZajęty, IdKategorii, Cena pokoju, IdHotelu, LiczbaOsób) values (175, 298, true, 7, 350, 3, 1);
insert into Pokoj (IdPokoju, NumerPokoju, CzyZajęty, IdKategorii, Cena pokoju, IdHotelu, LiczbaOsób) values (176, 182, false, 3, 150, 2, 5);
insert into Pokoj (IdPokoju, NumerPokoju, CzyZajęty, IdKategorii, Cena pokoju, IdHotelu, LiczbaOsób) values (177, 112, true, 3, 150, 4, 3);
insert into Pokoj (IdPokoju, NumerPokoju, CzyZajęty, IdKategorii, Cena pokoju, IdHotelu, LiczbaOsób) values (178, 361, true, 4, 200, 12, 1);
insert into Pokoj (IdPokoju, NumerPokoju, CzyZajęty, IdKategorii, Cena pokoju, IdHotelu, LiczbaOsób) values (179, 334, false, 7, 350, 6, 1);
insert into Pokoj (IdPokoju, NumerPokoju, CzyZajęty, IdKategorii, Cena pokoju, IdHotelu, LiczbaOsób) values (180, 126, true, 6, 300, 5, 4);
insert into Pokoj (IdPokoju, NumerPokoju, CzyZajęty, IdKategorii, Cena pokoju, IdHotelu, LiczbaOsób) values (181, 327, true, 7, 350, 8, 5);
insert into Pokoj (IdPokoju, NumerPokoju, CzyZajęty, IdKategorii, Cena pokoju, IdHotelu, LiczbaOsób) values (182, 367, true, 5, 250, 15, 5);
insert into Pokoj (IdPokoju, NumerPokoju, CzyZajęty, IdKategorii, Cena pokoju, IdHotelu, LiczbaOsób) values (183, 181, true, 5, 250, 3, 5);
insert into Pokoj (IdPokoju, NumerPokoju, CzyZajęty, IdKategorii, Cena pokoju, IdHotelu, LiczbaOsób) values (184, 161, false, 7, 350, 15, 5);
insert into Pokoj (IdPokoju, NumerPokoju, CzyZajęty, IdKategorii, Cena pokoju, IdHotelu, LiczbaOsób) values (185, 161, false, 3, 150, 6, 1);
insert into Pokoj (IdPokoju, NumerPokoju, CzyZajęty, IdKategorii, Cena pokoju, IdHotelu, LiczbaOsób) values (186, 109, false, 4, 200, 14, 5);
insert into Pokoj (IdPokoju, NumerPokoju, CzyZajęty, IdKategorii, Cena pokoju, IdHotelu, LiczbaOsób) values (187, 336, false, 5, 250, 3, 2);
insert into Pokoj (IdPokoju, NumerPokoju, CzyZajęty, IdKategorii, Cena pokoju, IdHotelu, LiczbaOsób) values (188, 238, true, 3, 150, 6, 2);
insert into Pokoj (IdPokoju, NumerPokoju, CzyZajęty, IdKategorii, Cena pokoju, IdHotelu, LiczbaOsób) values (189, 125, true, 6, 300, 4, 2);
insert into Pokoj (IdPokoju, NumerPokoju, CzyZajęty, IdKategorii, Cena pokoju, IdHotelu, LiczbaOsób) values (190, 340, true, 4, 200, 6, 1);
insert into Pokoj (IdPokoju, NumerPokoju, CzyZajęty, IdKategorii, Cena pokoju, IdHotelu, LiczbaOsób) values (191, 190, false, 4, 200, 11, 2);
insert into Pokoj (IdPokoju, NumerPokoju, CzyZajęty, IdKategorii, Cena pokoju, IdHotelu, LiczbaOsób) values (192, 155, false, 8, 400, 2, 5);
insert into Pokoj (IdPokoju, NumerPokoju, CzyZajęty, IdKategorii, Cena pokoju, IdHotelu, LiczbaOsób) values (193, 209, true, 6, 300, 8, 5);
insert into Pokoj (IdPokoju, NumerPokoju, CzyZajęty, IdKategorii, Cena pokoju, IdHotelu, LiczbaOsób) values (194, 141, true, 3, 150, 9, 1);
insert into Pokoj (IdPokoju, NumerPokoju, CzyZajęty, IdKategorii, Cena pokoju, IdHotelu, LiczbaOsób) values (195, 339, false, 2, 100, 12, 4);
insert into Pokoj (IdPokoju, NumerPokoju, CzyZajęty, IdKategorii, Cena pokoju, IdHotelu, LiczbaOsób) values (196, 397, false, 2, 100, 15, 2);
insert into Pokoj (IdPokoju, NumerPokoju, CzyZajęty, IdKategorii, Cena pokoju, IdHotelu, LiczbaOsób) values (197, 207, false, 7, 350, 2, 5);
insert into Pokoj (IdPokoju, NumerPokoju, CzyZajęty, IdKategorii, Cena pokoju, IdHotelu, LiczbaOsób) values (198, 256, false, 8, 400, 1, 4);
insert into Pokoj (IdPokoju, NumerPokoju, CzyZajęty, IdKategorii, Cena pokoju, IdHotelu, LiczbaOsób) values (199, 132, true, 2, 100, 4, 1);
insert into Pokoj (IdPokoju, NumerPokoju, CzyZajęty, IdKategorii, Cena pokoju, IdHotelu, LiczbaOsób) values (200, 381, false, 1, 50, 15, 3);



insert into KLIENT (IdKlienta, Imie, Nazwisko, NumerTelefonu, Ulica, NumerUlica, Miasto, IdStatusu) values (1, 'Meta', 'Fitton', '4652059411', 'Paget', '550', 'Nong Saeng', 2);
insert into KLIENT (IdKlienta, Imie, Nazwisko, NumerTelefonu, Ulica, NumerUlica, Miasto, IdStatusu) values (2, 'Reagen', 'Rhymes', '6767104251', 'Miller', '89080', 'Picoto', 1);
insert into KLIENT (IdKlienta, Imie, Nazwisko, NumerTelefonu, Ulica, NumerUlica, Miasto, IdStatusu) values (3, 'Shanie', 'Paddock', '7661953284', 'Kennedy', '6', 'Utrecht', 3);
insert into KLIENT (IdKlienta, Imie, Nazwisko, NumerTelefonu, Ulica, NumerUlica, Miasto, IdStatusu) values (4, 'Monti', 'Dowber', '9415884317', 'Schiller', '9', 'Naples', 3);
insert into KLIENT (IdKlienta, Imie, Nazwisko, NumerTelefonu, Ulica, NumerUlica, Miasto, IdStatusu) values (5, 'Alanah', 'Kerrane', '2484468391', 'Declaration', '09', 'Acarigua', 3);
insert into KLIENT (IdKlienta, Imie, Nazwisko, NumerTelefonu, Ulica, NumerUlica, Miasto, IdStatusu) values (6, 'Cheri', 'Tweede', '4072146340', 'Pearson', '95860', 'Lebowakgomo', 3);
insert into KLIENT (IdKlienta, Imie, Nazwisko, NumerTelefonu, Ulica, NumerUlica, Miasto, IdStatusu) values (7, 'Nancey', 'Mayman', '3833300660', 'Pawling', '559', 'Wantian', 3);
insert into KLIENT (IdKlienta, Imie, Nazwisko, NumerTelefonu, Ulica, NumerUlica, Miasto, IdStatusu) values (8, 'Shelagh', 'Scoggan', '8953208316', 'Golf View', '26270', 'Bački Breg', 1);
insert into KLIENT (IdKlienta, Imie, Nazwisko, NumerTelefonu, Ulica, NumerUlica, Miasto, IdStatusu) values (9, 'Cherice', 'McManamen', '4809048549', 'Dixon', '0850', 'Biliran', 4);
insert into KLIENT (IdKlienta, Imie, Nazwisko, NumerTelefonu, Ulica, NumerUlica, Miasto, IdStatusu) values (10, 'Robby', 'Martello', '5793276855', 'Grim', '181', 'Ponong', 5);
insert into KLIENT (IdKlienta, Imie, Nazwisko, NumerTelefonu, Ulica, NumerUlica, Miasto, IdStatusu) values (11, 'Bennie', 'Wake', '1106303156', 'Jackson', '24456', 'Allkaj', 3);
insert into KLIENT (IdKlienta, Imie, Nazwisko, NumerTelefonu, Ulica, NumerUlica, Miasto, IdStatusu) values (12, 'Ester', 'Molson', '9781043589', 'Annamark', '664', 'Padangpanjang', 4);
insert into KLIENT (IdKlienta, Imie, Nazwisko, NumerTelefonu, Ulica, NumerUlica, Miasto, IdStatusu) values (13, 'Gerick', 'Ubsdell', '5704084673', 'Tennessee', '9870', 'Uherské Hradiště', 1);
insert into KLIENT (IdKlienta, Imie, Nazwisko, NumerTelefonu, Ulica, NumerUlica, Miasto, IdStatusu) values (14, 'Gilberte', 'Retallick', '6439307525', 'Prairieview', '7', 'Dunmanway', 2);
insert into KLIENT (IdKlienta, Imie, Nazwisko, NumerTelefonu, Ulica, NumerUlica, Miasto, IdStatusu) values (15, 'Barnabas', 'Pechan', '2478613267', 'Division', '08', 'Olhão', 5);
insert into KLIENT (IdKlienta, Imie, Nazwisko, NumerTelefonu, Ulica, NumerUlica, Miasto, IdStatusu) values (16, 'Ava', 'Cherm', '3618040253', '3rd', '45', 'Dongming Chengguanzhen', 4);
insert into KLIENT (IdKlienta, Imie, Nazwisko, NumerTelefonu, Ulica, NumerUlica, Miasto, IdStatusu) values (17, 'Janos', 'Columbine', '7141757507', 'Duke', '1', 'Ramos West', 2);
insert into KLIENT (IdKlienta, Imie, Nazwisko, NumerTelefonu, Ulica, NumerUlica, Miasto, IdStatusu) values (18, 'Claudetta', 'Backman', '4895121256', 'Daystar', '502', 'Tampekan', 5);
insert into KLIENT (IdKlienta, Imie, Nazwisko, NumerTelefonu, Ulica, NumerUlica, Miasto, IdStatusu) values (19, 'Collete', 'Witheford', '6264746556', 'Express', '0171', 'Lombo Meão', 3);
insert into KLIENT (IdKlienta, Imie, Nazwisko, NumerTelefonu, Ulica, NumerUlica, Miasto, IdStatusu) values (20, 'Cheston', 'Pikesley', '6072789309', 'Fordem', '7', 'Fengyuan', 6);
insert into KLIENT (IdKlienta, Imie, Nazwisko, NumerTelefonu, Ulica, NumerUlica, Miasto, IdStatusu) values (21, 'Fayina', 'Karpol', '3541752908', 'East', '597', 'Motrico', 3);
insert into KLIENT (IdKlienta, Imie, Nazwisko, NumerTelefonu, Ulica, NumerUlica, Miasto, IdStatusu) values (22, 'Yvette', 'Plunket', '5305267171', 'Cambridge', '99795', 'Kangmei', 3);
insert into KLIENT (IdKlienta, Imie, Nazwisko, NumerTelefonu, Ulica, NumerUlica, Miasto, IdStatusu) values (23, 'Tedman', 'Craig', '8573396843', 'Walton', '5', 'Rumbek', 4);
insert into KLIENT (IdKlienta, Imie, Nazwisko, NumerTelefonu, Ulica, NumerUlica, Miasto, IdStatusu) values (24, 'Nial', 'Caddie', '9204187876', 'Northview', '7538', 'Libei', 4);
insert into KLIENT (IdKlienta, Imie, Nazwisko, NumerTelefonu, Ulica, NumerUlica, Miasto, IdStatusu) values (25, 'Fran', 'Fakes', '5593691374', 'Jenna', '6065', 'Rosso', 1);
insert into KLIENT (IdKlienta, Imie, Nazwisko, NumerTelefonu, Ulica, NumerUlica, Miasto, IdStatusu) values (26, 'Cass', 'Bather', '5432735932', 'Harbort', '46282', 'Chlewiska', 6);
insert into KLIENT (IdKlienta, Imie, Nazwisko, NumerTelefonu, Ulica, NumerUlica, Miasto, IdStatusu) values (27, 'Ariella', 'Herculson', '4981527932', 'Kedzie', '710', 'Buurhakaba', 5);
insert into KLIENT (IdKlienta, Imie, Nazwisko, NumerTelefonu, Ulica, NumerUlica, Miasto, IdStatusu) values (28, 'Dulcine', 'Hinks', '9527347650', 'Mariners Cove', '3582', 'Khawrah', 1);
insert into KLIENT (IdKlienta, Imie, Nazwisko, NumerTelefonu, Ulica, NumerUlica, Miasto, IdStatusu) values (29, 'Papagena', 'Hamblington', '5888289547', 'Reindahl', '804', 'Suwaru', 2);
insert into KLIENT (IdKlienta, Imie, Nazwisko, NumerTelefonu, Ulica, NumerUlica, Miasto, IdStatusu) values (30, 'York', 'Duggleby', '3326968543', 'Orin', '19', 'Ainaži', 5);
insert into KLIENT (IdKlienta, Imie, Nazwisko, NumerTelefonu, Ulica, NumerUlica, Miasto, IdStatusu) values (31, 'Erskine', 'Canny', '4118893631', 'Fordem', '9', 'Uruobo-Okija', 5);
insert into KLIENT (IdKlienta, Imie, Nazwisko, NumerTelefonu, Ulica, NumerUlica, Miasto, IdStatusu) values (32, 'Ezequiel', 'Laffoley-Lane', '1763508732', 'Tennessee', '918', 'Krasnyy Kholm', 3);
insert into KLIENT (IdKlienta, Imie, Nazwisko, NumerTelefonu, Ulica, NumerUlica, Miasto, IdStatusu) values (33, 'Hana', 'Mawdsley', '5238645391', 'Parkside', '2476', 'San Diego', 4);
insert into KLIENT (IdKlienta, Imie, Nazwisko, NumerTelefonu, Ulica, NumerUlica, Miasto, IdStatusu) values (34, 'Evy', 'Stanmer', '9329613266', 'Dunning', '27', 'Gaoqiao', 1);
insert into KLIENT (IdKlienta, Imie, Nazwisko, NumerTelefonu, Ulica, NumerUlica, Miasto, IdStatusu) values (35, 'Claybourne', 'McGinnell', '5571062794', 'Clove', '62', 'Paris 02', 1);
insert into KLIENT (IdKlienta, Imie, Nazwisko, NumerTelefonu, Ulica, NumerUlica, Miasto, IdStatusu) values (36, 'Armando', 'Lloyd-Williams', '8547754313', 'Oakridge', '4380', 'Sanjing', 1);
insert into KLIENT (IdKlienta, Imie, Nazwisko, NumerTelefonu, Ulica, NumerUlica, Miasto, IdStatusu) values (37, 'Pancho', 'Prenty', '9259744814', 'Wayridge', '7', 'Sandyford', 6);
insert into KLIENT (IdKlienta, Imie, Nazwisko, NumerTelefonu, Ulica, NumerUlica, Miasto, IdStatusu) values (38, 'Monika', 'Yacobsohn', '3581657458', 'Melody', '93', 'Picoto', 6);
insert into KLIENT (IdKlienta, Imie, Nazwisko, NumerTelefonu, Ulica, NumerUlica, Miasto, IdStatusu) values (39, 'Carolynn', 'Jaquest', '3052576364', 'Anthes', '041', 'Miami', 2);
insert into KLIENT (IdKlienta, Imie, Nazwisko, NumerTelefonu, Ulica, NumerUlica, Miasto, IdStatusu) values (40, 'Francesco', 'Linde', '7416060834', 'Weeping Birch', '19', 'Basarabeasca', 1);
insert into KLIENT (IdKlienta, Imie, Nazwisko, NumerTelefonu, Ulica, NumerUlica, Miasto, IdStatusu) values (41, 'Sampson', 'Longland', '9367689829', 'Golf View', '15471', 'Qiucun', 6);
insert into KLIENT (IdKlienta, Imie, Nazwisko, NumerTelefonu, Ulica, NumerUlica, Miasto, IdStatusu) values (42, 'Millie', 'Guyet', '1267201312', 'Dovetail', '4', 'Cabrero', 2);
insert into KLIENT (IdKlienta, Imie, Nazwisko, NumerTelefonu, Ulica, NumerUlica, Miasto, IdStatusu) values (43, 'Theressa', 'Balf', '1276427817', 'Dunning', '35', 'Xinzhuang', 1);
insert into KLIENT (IdKlienta, Imie, Nazwisko, NumerTelefonu, Ulica, NumerUlica, Miasto, IdStatusu) values (44, 'Pris', 'Swindells', '5218065472', 'Corry', '9', 'Szczawnica', 5);
insert into KLIENT (IdKlienta, Imie, Nazwisko, NumerTelefonu, Ulica, NumerUlica, Miasto, IdStatusu) values (45, 'Marwin', 'Emtage', '2522310374', 'Havey', '52', 'Svetlyy', 1);
insert into KLIENT (IdKlienta, Imie, Nazwisko, NumerTelefonu, Ulica, NumerUlica, Miasto, IdStatusu) values (46, 'Marj', 'Chasen', '1232233613', 'Welch', '513', 'Anping', 3);
insert into KLIENT (IdKlienta, Imie, Nazwisko, NumerTelefonu, Ulica, NumerUlica, Miasto, IdStatusu) values (47, 'Shelba', 'Goslin', '7974862984', 'Clemons', '211', 'Talangbetutu', 5);
insert into KLIENT (IdKlienta, Imie, Nazwisko, NumerTelefonu, Ulica, NumerUlica, Miasto, IdStatusu) values (48, 'Ethelbert', 'Kocher', '8934686795', 'Susan', '93', 'Batan', 4);
insert into KLIENT (IdKlienta, Imie, Nazwisko, NumerTelefonu, Ulica, NumerUlica, Miasto, IdStatusu) values (49, 'Roxane', 'Whinney', '7754023536', 'Novick', '3769', 'Eybens', 4);
insert into KLIENT (IdKlienta, Imie, Nazwisko, NumerTelefonu, Ulica, NumerUlica, Miasto, IdStatusu) values (50, 'Nils', 'Lidgate', '1923690210', 'Loftsgordon', '0', 'Sindou', 6);
insert into KLIENT (IdKlienta, Imie, Nazwisko, NumerTelefonu, Ulica, NumerUlica, Miasto, IdStatusu) values (51, 'Doll', 'Joincey', '7143077665', 'Morningstar', '4511', 'Marseille', 5);
insert into KLIENT (IdKlienta, Imie, Nazwisko, NumerTelefonu, Ulica, NumerUlica, Miasto, IdStatusu) values (52, 'Melicent', 'Killbey', '4236205535', 'Anhalt', '342', 'Baturité', 5);
insert into KLIENT (IdKlienta, Imie, Nazwisko, NumerTelefonu, Ulica, NumerUlica, Miasto, IdStatusu) values (53, 'Jocelin', 'Beetles', '2574066669', 'Fairfield', '39239', 'Mrozy', 5);
insert into KLIENT (IdKlienta, Imie, Nazwisko, NumerTelefonu, Ulica, NumerUlica, Miasto, IdStatusu) values (54, 'Durward', 'Warner', '4292574988', 'Twin Pines', '924', 'Opočno', 4);
insert into KLIENT (IdKlienta, Imie, Nazwisko, NumerTelefonu, Ulica, NumerUlica, Miasto, IdStatusu) values (55, 'Dani', 'Fontel', '6151472885', 'Kennedy', '191', 'Soca', 6);
insert into KLIENT (IdKlienta, Imie, Nazwisko, NumerTelefonu, Ulica, NumerUlica, Miasto, IdStatusu) values (56, 'Milissent', 'Boothebie', '2082972371', 'Ridgeview', '805', 'Ḑawrān ad Daydah', 4);
insert into KLIENT (IdKlienta, Imie, Nazwisko, NumerTelefonu, Ulica, NumerUlica, Miasto, IdStatusu) values (57, 'Leyla', 'Scherer', '6803534821', 'Bunker Hill', '91521', 'Thị Trấn Mỹ Lộc', 2);
insert into KLIENT (IdKlienta, Imie, Nazwisko, NumerTelefonu, Ulica, NumerUlica, Miasto, IdStatusu) values (58, 'Pattie', 'Klemmt', '8804903528', 'Lakewood Gardens', '44986', 'Datarkadu', 3);
insert into KLIENT (IdKlienta, Imie, Nazwisko, NumerTelefonu, Ulica, NumerUlica, Miasto, IdStatusu) values (59, 'Nicolea', 'Rainsdon', '3971138462', 'International', '9', 'Novyye Cherëmushki', 1);
insert into KLIENT (IdKlienta, Imie, Nazwisko, NumerTelefonu, Ulica, NumerUlica, Miasto, IdStatusu) values (60, 'Chery', 'Proudlove', '2081426341', 'Bay', '7749', 'Chandmanĭ', 1);
insert into KLIENT (IdKlienta, Imie, Nazwisko, NumerTelefonu, Ulica, NumerUlica, Miasto, IdStatusu) values (61, 'Damaris', 'Andresser', '4599220155', 'Walton', '53', 'Dukuhsia', 4);
insert into KLIENT (IdKlienta, Imie, Nazwisko, NumerTelefonu, Ulica, NumerUlica, Miasto, IdStatusu) values (62, 'Casandra', 'Caughey', '5056002475', 'La Follette', '2101', 'Fengjiang', 4);
insert into KLIENT (IdKlienta, Imie, Nazwisko, NumerTelefonu, Ulica, NumerUlica, Miasto, IdStatusu) values (63, 'Jerrie', 'Scalera', '2125315945', 'Hermina', '717', 'Yên Mỹ', 1);
insert into KLIENT (IdKlienta, Imie, Nazwisko, NumerTelefonu, Ulica, NumerUlica, Miasto, IdStatusu) values (64, 'Briana', 'McCall', '9426018931', 'Golden Leaf', '76577', 'Qingtaiping', 3);
insert into KLIENT (IdKlienta, Imie, Nazwisko, NumerTelefonu, Ulica, NumerUlica, Miasto, IdStatusu) values (65, 'Kendall', 'Cambridge', '3322646183', 'Grim', '506', 'Shekou', 1);
insert into KLIENT (IdKlienta, Imie, Nazwisko, NumerTelefonu, Ulica, NumerUlica, Miasto, IdStatusu) values (66, 'Maury', 'Marrington', '9058652293', 'Spohn', '4', 'Matwaḩ', 5);
insert into KLIENT (IdKlienta, Imie, Nazwisko, NumerTelefonu, Ulica, NumerUlica, Miasto, IdStatusu) values (67, 'Liana', 'Coviello', '4026087606', 'Fulton', '6847', 'Lincoln', 3);
insert into KLIENT (IdKlienta, Imie, Nazwisko, NumerTelefonu, Ulica, NumerUlica, Miasto, IdStatusu) values (68, 'Bryn', 'Candwell', '6441361243', 'Algoma', '3', 'Shankill', 2);
insert into KLIENT (IdKlienta, Imie, Nazwisko, NumerTelefonu, Ulica, NumerUlica, Miasto, IdStatusu) values (69, 'Stillman', 'Antonioni', '8684239117', 'Veith', '4109', 'Khuean Ubonrat', 4);
insert into KLIENT (IdKlienta, Imie, Nazwisko, NumerTelefonu, Ulica, NumerUlica, Miasto, IdStatusu) values (70, 'Hendrik', 'Moxsom', '5532597525', 'Loomis', '62698', 'Kaliska', 4);
insert into KLIENT (IdKlienta, Imie, Nazwisko, NumerTelefonu, Ulica, NumerUlica, Miasto, IdStatusu) values (71, 'Paton', 'MacGovern', '2878323526', 'Morningstar', '17584', 'Sísion', 2);
insert into KLIENT (IdKlienta, Imie, Nazwisko, NumerTelefonu, Ulica, NumerUlica, Miasto, IdStatusu) values (72, 'Mehetabel', 'Thorndycraft', '4775312026', 'Merry', '522', 'Xiaoruo', 2);
insert into KLIENT (IdKlienta, Imie, Nazwisko, NumerTelefonu, Ulica, NumerUlica, Miasto, IdStatusu) values (73, 'Chelsae', 'Pien', '7169488333', 'Summerview', '35', 'Lewodoli', 1);
insert into KLIENT (IdKlienta, Imie, Nazwisko, NumerTelefonu, Ulica, NumerUlica, Miasto, IdStatusu) values (74, 'Nicolis', 'Wilds', '5508702934', 'Cascade', '48', 'Bazhu', 6);
insert into KLIENT (IdKlienta, Imie, Nazwisko, NumerTelefonu, Ulica, NumerUlica, Miasto, IdStatusu) values (75, 'Shoshana', 'Limrick', '1209840022', 'Chive', '200', 'Bunigeulis', 4);
insert into KLIENT (IdKlienta, Imie, Nazwisko, NumerTelefonu, Ulica, NumerUlica, Miasto, IdStatusu) values (76, 'Giraud', 'Northrop', '5717676627', 'Ridge Oak', '8', 'Sabana Grande de Palenque', 4);
insert into KLIENT (IdKlienta, Imie, Nazwisko, NumerTelefonu, Ulica, NumerUlica, Miasto, IdStatusu) values (77, 'Hirsch', 'Hedworth', '7165999047', 'Maywood', '22', 'Montpellier', 1);
insert into KLIENT (IdKlienta, Imie, Nazwisko, NumerTelefonu, Ulica, NumerUlica, Miasto, IdStatusu) values (78, 'Clementia', 'Mokes', '6599927854', 'Utah', '25', 'Dobra', 5);
insert into KLIENT (IdKlienta, Imie, Nazwisko, NumerTelefonu, Ulica, NumerUlica, Miasto, IdStatusu) values (79, 'Dominik', 'Kenright', '5845878037', 'Stuart', '56216', 'Fichē', 1);
insert into KLIENT (IdKlienta, Imie, Nazwisko, NumerTelefonu, Ulica, NumerUlica, Miasto, IdStatusu) values (80, 'Dahlia', 'Crang', '4131818083', 'Talisman', '73', 'Coyaima', 3);
insert into KLIENT (IdKlienta, Imie, Nazwisko, NumerTelefonu, Ulica, NumerUlica, Miasto, IdStatusu) values (81, 'Harp', 'Issacson', '8196012779', 'Hayes', '1907', 'Jeminay', 6);
insert into KLIENT (IdKlienta, Imie, Nazwisko, NumerTelefonu, Ulica, NumerUlica, Miasto, IdStatusu) values (82, 'Harriet', 'Deeson', '8299671513', 'Hauk', '3794', 'Gapuk', 5);
insert into KLIENT (IdKlienta, Imie, Nazwisko, NumerTelefonu, Ulica, NumerUlica, Miasto, IdStatusu) values (83, 'Kati', 'Ferrarini', '5092548124', 'Bluejay', '730', 'Juntang', 1);
insert into KLIENT (IdKlienta, Imie, Nazwisko, NumerTelefonu, Ulica, NumerUlica, Miasto, IdStatusu) values (84, 'Andreas', 'Echalier', '1193279818', 'Oxford', '95', 'Kadengan', 4);
insert into KLIENT (IdKlienta, Imie, Nazwisko, NumerTelefonu, Ulica, NumerUlica, Miasto, IdStatusu) values (85, 'Nadine', 'Batisse', '6699280127', 'International', '9964', 'Maoya', 4);
insert into KLIENT (IdKlienta, Imie, Nazwisko, NumerTelefonu, Ulica, NumerUlica, Miasto, IdStatusu) values (86, 'Linette', 'Batchelder', '4047211827', 'Armistice', '956', 'Turgenevo', 3);
insert into KLIENT (IdKlienta, Imie, Nazwisko, NumerTelefonu, Ulica, NumerUlica, Miasto, IdStatusu) values (87, 'Hakeem', 'Cawthery', '2958732721', 'Dennis', '567', 'Elekmonar', 5);
insert into KLIENT (IdKlienta, Imie, Nazwisko, NumerTelefonu, Ulica, NumerUlica, Miasto, IdStatusu) values (88, 'Woodrow', 'Hanniger', '7788166944', 'Spohn', '36', 'Tunbao', 5);
insert into KLIENT (IdKlienta, Imie, Nazwisko, NumerTelefonu, Ulica, NumerUlica, Miasto, IdStatusu) values (89, 'Debor', 'Derrick', '7834021757', 'Milwaukee', '504', 'Avignon', 5);
insert into KLIENT (IdKlienta, Imie, Nazwisko, NumerTelefonu, Ulica, NumerUlica, Miasto, IdStatusu) values (90, 'Derick', 'MacIlhagga', '7638026581', 'Paget', '96857', 'Turośń Kościelna', 1);
insert into KLIENT (IdKlienta, Imie, Nazwisko, NumerTelefonu, Ulica, NumerUlica, Miasto, IdStatusu) values (91, 'Verna', 'Bonifazio', '7602246592', 'Del Mar', '559', 'Waitangi', 2);
insert into KLIENT (IdKlienta, Imie, Nazwisko, NumerTelefonu, Ulica, NumerUlica, Miasto, IdStatusu) values (92, 'Kaye', 'MacCook', '3069261407', 'Florence', '75606', 'Pingpu', 2);
insert into KLIENT (IdKlienta, Imie, Nazwisko, NumerTelefonu, Ulica, NumerUlica, Miasto, IdStatusu) values (93, 'Barbey', 'Danton', '2877742405', 'Dennis', '90939', 'Tongbang', 5);
insert into KLIENT (IdKlienta, Imie, Nazwisko, NumerTelefonu, Ulica, NumerUlica, Miasto, IdStatusu) values (94, 'Giorgi', 'Bamlett', '7998368466', 'Dexter', '98457', 'Sofo-Birnin-Gwari', 5);
insert into KLIENT (IdKlienta, Imie, Nazwisko, NumerTelefonu, Ulica, NumerUlica, Miasto, IdStatusu) values (95, 'Alphard', 'Ceillier', '9152582177', 'Morrow', '04', 'Sangojar', 3);
insert into KLIENT (IdKlienta, Imie, Nazwisko, NumerTelefonu, Ulica, NumerUlica, Miasto, IdStatusu) values (96, 'Tad', 'Ceccoli', '1131083957', 'Helena', '0', 'Sindanghayu', 1);
insert into KLIENT (IdKlienta, Imie, Nazwisko, NumerTelefonu, Ulica, NumerUlica, Miasto, IdStatusu) values (97, 'Bartlet', 'Platts', '1654440370', 'Fisk', '2587', 'Trần Văn Thời', 3);
insert into KLIENT (IdKlienta, Imie, Nazwisko, NumerTelefonu, Ulica, NumerUlica, Miasto, IdStatusu) values (98, 'Blondy', 'Ateggart', '9691959532', 'Vera', '682', 'Macklin', 6);
insert into KLIENT (IdKlienta, Imie, Nazwisko, NumerTelefonu, Ulica, NumerUlica, Miasto, IdStatusu) values (99, 'Layla', 'Simenel', '2657567729', 'John Wall', '654', 'Jacutinga', 3);
insert into KLIENT (IdKlienta, Imie, Nazwisko, NumerTelefonu, Ulica, NumerUlica, Miasto, IdStatusu) values (100, 'Stefa', 'Stubbley', '2884753919', 'Truax', '64', 'Brześć Kujawski', 3);
insert into KLIENT (IdKlienta, Imie, Nazwisko, NumerTelefonu, Ulica, NumerUlica, Miasto, IdStatusu) values (101, 'Riki', 'Doogue', '1724250169', 'Leroy', '6', 'Ozubulu', 1);
insert into KLIENT (IdKlienta, Imie, Nazwisko, NumerTelefonu, Ulica, NumerUlica, Miasto, IdStatusu) values (102, 'Tamar', 'Dabs', '2467762333', 'Hayes', '58474', 'Xinxing', 6);
insert into KLIENT (IdKlienta, Imie, Nazwisko, NumerTelefonu, Ulica, NumerUlica, Miasto, IdStatusu) values (103, 'Humphrey', 'Deelay', '3217254961', 'Schmedeman', '545', 'Chaniá', 6);
insert into KLIENT (IdKlienta, Imie, Nazwisko, NumerTelefonu, Ulica, NumerUlica, Miasto, IdStatusu) values (104, 'Johnath', 'Western', '6836361856', 'Moose', '5', 'Bojszowy Nowe', 2);
insert into KLIENT (IdKlienta, Imie, Nazwisko, NumerTelefonu, Ulica, NumerUlica, Miasto, IdStatusu) values (105, 'Seana', 'Monelle', '4324697862', 'Crest Line', '02214', 'Tieremu', 2);
insert into KLIENT (IdKlienta, Imie, Nazwisko, NumerTelefonu, Ulica, NumerUlica, Miasto, IdStatusu) values (106, 'Dicky', 'Colomb', '9791937144', 'Commercial', '6176', 'Horní Cerekev', 5);
insert into KLIENT (IdKlienta, Imie, Nazwisko, NumerTelefonu, Ulica, NumerUlica, Miasto, IdStatusu) values (107, 'Alene', 'Hudghton', '8913084825', 'Russell', '91', 'Quinchía', 3);
insert into KLIENT (IdKlienta, Imie, Nazwisko, NumerTelefonu, Ulica, NumerUlica, Miasto, IdStatusu) values (108, 'Elinore', 'Sarl', '8286603610', 'Corry', '41', 'Iba', 6);
insert into KLIENT (IdKlienta, Imie, Nazwisko, NumerTelefonu, Ulica, NumerUlica, Miasto, IdStatusu) values (109, 'Shelbi', 'Tumbridge', '1955796172', 'Jenifer', '976', 'Taoyao', 1);
insert into KLIENT (IdKlienta, Imie, Nazwisko, NumerTelefonu, Ulica, NumerUlica, Miasto, IdStatusu) values (110, 'Chiquia', 'Lynthal', '4188364494', 'Schiller', '62986', 'Xuelu', 2);
insert into KLIENT (IdKlienta, Imie, Nazwisko, NumerTelefonu, Ulica, NumerUlica, Miasto, IdStatusu) values (111, 'Flossy', 'Johnsee', '8982097196', 'Kim', '9', 'Huaccana', 3);
insert into KLIENT (IdKlienta, Imie, Nazwisko, NumerTelefonu, Ulica, NumerUlica, Miasto, IdStatusu) values (112, 'Donal', 'Millgate', '8082363883', 'Lakeland', '5860', 'Sidem', 4);
insert into KLIENT (IdKlienta, Imie, Nazwisko, NumerTelefonu, Ulica, NumerUlica, Miasto, IdStatusu) values (113, 'Fletcher', 'Rouge', '8159492529', 'Oriole', '28892', 'Si Thep', 2);
insert into KLIENT (IdKlienta, Imie, Nazwisko, NumerTelefonu, Ulica, NumerUlica, Miasto, IdStatusu) values (114, 'Dag', 'Ferrelli', '9081429222', 'Park Meadow', '385', 'Huibu', 2);
insert into KLIENT (IdKlienta, Imie, Nazwisko, NumerTelefonu, Ulica, NumerUlica, Miasto, IdStatusu) values (115, 'Leola', 'Drane', '2933287009', 'Welch', '6387', 'Karapyshi', 5);
insert into KLIENT (IdKlienta, Imie, Nazwisko, NumerTelefonu, Ulica, NumerUlica, Miasto, IdStatusu) values (116, 'Jethro', 'Kabos', '4906779232', 'Stuart', '85685', 'Rakitovo', 2);
insert into KLIENT (IdKlienta, Imie, Nazwisko, NumerTelefonu, Ulica, NumerUlica, Miasto, IdStatusu) values (117, 'Gregoire', 'Earley', '2264203338', 'Sugar', '3904', 'Foluo', 5);
insert into KLIENT (IdKlienta, Imie, Nazwisko, NumerTelefonu, Ulica, NumerUlica, Miasto, IdStatusu) values (118, 'Brandice', 'Gillinghams', '1514038103', 'Mariners Cove', '7399', 'Maumbawa', 1);
insert into KLIENT (IdKlienta, Imie, Nazwisko, NumerTelefonu, Ulica, NumerUlica, Miasto, IdStatusu) values (119, 'Logan', 'Hamsley', '9487770621', 'Ronald Regan', '9', 'Nangakeo', 6);
insert into KLIENT (IdKlienta, Imie, Nazwisko, NumerTelefonu, Ulica, NumerUlica, Miasto, IdStatusu) values (120, 'Connor', 'Plowright', '6469319330', '8th', '373', 'Kamyzyak', 3);
insert into KLIENT (IdKlienta, Imie, Nazwisko, NumerTelefonu, Ulica, NumerUlica, Miasto, IdStatusu) values (121, 'Kevon', 'Shipley', '4414971950', 'Beilfuss', '8810', 'Hachiōji', 6);
insert into KLIENT (IdKlienta, Imie, Nazwisko, NumerTelefonu, Ulica, NumerUlica, Miasto, IdStatusu) values (122, 'Caldwell', 'Agius', '7933121771', 'Eggendart', '5', 'Redakodi', 5);
insert into KLIENT (IdKlienta, Imie, Nazwisko, NumerTelefonu, Ulica, NumerUlica, Miasto, IdStatusu) values (123, 'Clari', 'Vedekhov', '4039225348', 'Ryan', '22362', 'Rabah', 4);
insert into KLIENT (IdKlienta, Imie, Nazwisko, NumerTelefonu, Ulica, NumerUlica, Miasto, IdStatusu) values (124, 'Mozelle', 'Husband', '8361320071', 'Ramsey', '70', 'Los Santos', 4);
insert into KLIENT (IdKlienta, Imie, Nazwisko, NumerTelefonu, Ulica, NumerUlica, Miasto, IdStatusu) values (125, 'Gerome', 'Hakeworth', '6605500070', 'Huxley', '42632', 'Ōsaka-shi', 1);
insert into KLIENT (IdKlienta, Imie, Nazwisko, NumerTelefonu, Ulica, NumerUlica, Miasto, IdStatusu) values (126, 'Rubetta', 'Veazey', '4167775230', 'Memorial', '3', 'Bula', 3);
insert into KLIENT (IdKlienta, Imie, Nazwisko, NumerTelefonu, Ulica, NumerUlica, Miasto, IdStatusu) values (127, 'Griffie', 'Houston', '8763945309', '2nd', '1301', 'Ljubešćica', 5);
insert into KLIENT (IdKlienta, Imie, Nazwisko, NumerTelefonu, Ulica, NumerUlica, Miasto, IdStatusu) values (128, 'Carmella', 'Angric', '7352047938', 'Knutson', '7188', 'São Gotardo', 6);
insert into KLIENT (IdKlienta, Imie, Nazwisko, NumerTelefonu, Ulica, NumerUlica, Miasto, IdStatusu) values (129, 'Tybalt', 'Maciak', '8438461520', 'Farragut', '3006', 'Pinghu', 3);
insert into KLIENT (IdKlienta, Imie, Nazwisko, NumerTelefonu, Ulica, NumerUlica, Miasto, IdStatusu) values (130, 'Iormina', 'Handley', '9365036632', 'Parkside', '24', 'Heshui', 4);
insert into KLIENT (IdKlienta, Imie, Nazwisko, NumerTelefonu, Ulica, NumerUlica, Miasto, IdStatusu) values (131, 'Loraine', 'Gabriely', '6162072665', 'Derek', '57661', 'Kamiennik', 2);
insert into KLIENT (IdKlienta, Imie, Nazwisko, NumerTelefonu, Ulica, NumerUlica, Miasto, IdStatusu) values (132, 'Milissent', 'Pellett', '8878493587', 'Graceland', '38071', 'Alegria', 5);
insert into KLIENT (IdKlienta, Imie, Nazwisko, NumerTelefonu, Ulica, NumerUlica, Miasto, IdStatusu) values (133, 'Bank', 'Hazeldean', '7003156959', 'Hintze', '6', 'Klimontów', 2);
insert into KLIENT (IdKlienta, Imie, Nazwisko, NumerTelefonu, Ulica, NumerUlica, Miasto, IdStatusu) values (134, 'Abigale', 'Lenard', '1046258980', 'Buell', '06315', 'Radiměř', 5);
insert into KLIENT (IdKlienta, Imie, Nazwisko, NumerTelefonu, Ulica, NumerUlica, Miasto, IdStatusu) values (135, 'Elvis', 'Cartlidge', '3091793435', 'Thackeray', '5815', 'Portalegre', 3);
insert into KLIENT (IdKlienta, Imie, Nazwisko, NumerTelefonu, Ulica, NumerUlica, Miasto, IdStatusu) values (136, 'Dionysus', 'Grasser', '3529341579', 'Calypso', '18', 'Nenotes', 5);
insert into KLIENT (IdKlienta, Imie, Nazwisko, NumerTelefonu, Ulica, NumerUlica, Miasto, IdStatusu) values (137, 'Kari', 'Rivalland', '6813982604', 'Waywood', '017', 'Hisings Kärra', 1);
insert into KLIENT (IdKlienta, Imie, Nazwisko, NumerTelefonu, Ulica, NumerUlica, Miasto, IdStatusu) values (138, 'Ned', 'Biesterfeld', '7268127892', 'Ryan', '921', 'Tulsīpur', 2);
insert into KLIENT (IdKlienta, Imie, Nazwisko, NumerTelefonu, Ulica, NumerUlica, Miasto, IdStatusu) values (139, 'Carlyle', 'Paragreen', '6689487022', 'Park Meadow', '19', 'Pakokku', 4);
insert into KLIENT (IdKlienta, Imie, Nazwisko, NumerTelefonu, Ulica, NumerUlica, Miasto, IdStatusu) values (140, 'Maura', 'Cantillon', '3404879730', 'Scofield', '431', 'Independencia', 1);
insert into KLIENT (IdKlienta, Imie, Nazwisko, NumerTelefonu, Ulica, NumerUlica, Miasto, IdStatusu) values (141, 'Wilt', 'Brockton', '7586762365', 'Alpine', '885', 'Maunuri', 4);
insert into KLIENT (IdKlienta, Imie, Nazwisko, NumerTelefonu, Ulica, NumerUlica, Miasto, IdStatusu) values (142, 'Willie', 'Goolden', '6596018845', 'Bultman', '41913', 'Fangshan', 3);
insert into KLIENT (IdKlienta, Imie, Nazwisko, NumerTelefonu, Ulica, NumerUlica, Miasto, IdStatusu) values (143, 'Timothea', 'Plitz', '5059730312', 'Mcguire', '35', 'Gorodishche', 5);
insert into KLIENT (IdKlienta, Imie, Nazwisko, NumerTelefonu, Ulica, NumerUlica, Miasto, IdStatusu) values (144, 'Tad', 'Trappe', '4137940371', 'Mitchell', '5017', 'Phak Hai', 4);
insert into KLIENT (IdKlienta, Imie, Nazwisko, NumerTelefonu, Ulica, NumerUlica, Miasto, IdStatusu) values (145, 'Phyllys', 'Guilliland', '5513137624', 'Vera', '7', 'Piracanjuba', 2);
insert into KLIENT (IdKlienta, Imie, Nazwisko, NumerTelefonu, Ulica, NumerUlica, Miasto, IdStatusu) values (146, 'Matthus', 'Sharram', '2943831516', 'Ohio', '388', 'Lucija', 6);
insert into KLIENT (IdKlienta, Imie, Nazwisko, NumerTelefonu, Ulica, NumerUlica, Miasto, IdStatusu) values (147, 'Yurik', 'Haines', '9162004563', 'Moulton', '59', 'Handa', 3);
insert into KLIENT (IdKlienta, Imie, Nazwisko, NumerTelefonu, Ulica, NumerUlica, Miasto, IdStatusu) values (148, 'Grover', 'Pally', '6009867198', 'Lerdahl', '174', 'Liuhe', 4);
insert into KLIENT (IdKlienta, Imie, Nazwisko, NumerTelefonu, Ulica, NumerUlica, Miasto, IdStatusu) values (149, 'Alley', 'Henaughan', '4135291455', 'Truax', '80490', 'Linglong', 1);
insert into KLIENT (IdKlienta, Imie, Nazwisko, NumerTelefonu, Ulica, NumerUlica, Miasto, IdStatusu) values (150, 'Kelvin', 'Charrington', '6247654372', 'Golden Leaf', '704', 'Paris La Défense', 6);
insert into KLIENT (IdKlienta, Imie, Nazwisko, NumerTelefonu, Ulica, NumerUlica, Miasto, IdStatusu) values (151, 'Thorvald', 'Slisby', '6645078507', 'Village', '7609', 'Hulín', 4);
insert into KLIENT (IdKlienta, Imie, Nazwisko, NumerTelefonu, Ulica, NumerUlica, Miasto, IdStatusu) values (152, 'Pepillo', 'Runciman', '3964635815', 'Quincy', '902', 'Tashkent', 3);
insert into KLIENT (IdKlienta, Imie, Nazwisko, NumerTelefonu, Ulica, NumerUlica, Miasto, IdStatusu) values (153, 'Laina', 'Attwooll', '4529053605', 'Ruskin', '0672', 'Tehrān', 2);
insert into KLIENT (IdKlienta, Imie, Nazwisko, NumerTelefonu, Ulica, NumerUlica, Miasto, IdStatusu) values (154, 'Elyn', 'Elvin', '2103143702', 'Northport', '8949', 'Satipo', 5);
insert into KLIENT (IdKlienta, Imie, Nazwisko, NumerTelefonu, Ulica, NumerUlica, Miasto, IdStatusu) values (155, 'Ly', 'Petyanin', '5442980848', 'Lunder', '90', 'Telmin Suma', 2);
insert into KLIENT (IdKlienta, Imie, Nazwisko, NumerTelefonu, Ulica, NumerUlica, Miasto, IdStatusu) values (156, 'Shea', 'McFaell', '1558404137', 'Clarendon', '98760', 'Calais', 5);
insert into KLIENT (IdKlienta, Imie, Nazwisko, NumerTelefonu, Ulica, NumerUlica, Miasto, IdStatusu) values (157, 'Taddeo', 'McGennis', '8845958067', 'Hanson', '3', 'Węgierska Górka', 4);
insert into KLIENT (IdKlienta, Imie, Nazwisko, NumerTelefonu, Ulica, NumerUlica, Miasto, IdStatusu) values (158, 'Quinn', 'Clayal', '8189187366', 'Maple Wood', '480', 'Daxing', 6);
insert into KLIENT (IdKlienta, Imie, Nazwisko, NumerTelefonu, Ulica, NumerUlica, Miasto, IdStatusu) values (159, 'Silvan', 'Comfort', '4685795523', 'Buhler', '64767', 'Hongqiao', 1);
insert into KLIENT (IdKlienta, Imie, Nazwisko, NumerTelefonu, Ulica, NumerUlica, Miasto, IdStatusu) values (160, 'Dorella', 'Peer', '4164977824', 'Dixon', '09', 'Russkiy', 6);
insert into KLIENT (IdKlienta, Imie, Nazwisko, NumerTelefonu, Ulica, NumerUlica, Miasto, IdStatusu) values (161, 'Alain', 'Butt', '2079570417', 'Ohio', '87217', 'Port Glaud', 2);
insert into KLIENT (IdKlienta, Imie, Nazwisko, NumerTelefonu, Ulica, NumerUlica, Miasto, IdStatusu) values (162, 'William', 'Inder', '6871573429', 'Drewry', '57627', 'Charat', 1);
insert into KLIENT (IdKlienta, Imie, Nazwisko, NumerTelefonu, Ulica, NumerUlica, Miasto, IdStatusu) values (163, 'Doralynne', 'Spensley', '1791641904', 'Corry', '2264', 'Kurmuk', 2);
insert into KLIENT (IdKlienta, Imie, Nazwisko, NumerTelefonu, Ulica, NumerUlica, Miasto, IdStatusu) values (164, 'Gleda', 'Lease', '9154311712', 'Sutteridge', '60641', 'Banaran', 5);
insert into KLIENT (IdKlienta, Imie, Nazwisko, NumerTelefonu, Ulica, NumerUlica, Miasto, IdStatusu) values (165, 'Giacomo', 'Biner', '2402837989', 'Armistice', '13', 'Bentar', 5);
insert into KLIENT (IdKlienta, Imie, Nazwisko, NumerTelefonu, Ulica, NumerUlica, Miasto, IdStatusu) values (166, 'Sukey', 'Mateescu', '3555775855', 'Morning', '4412', 'Tabuc Pontevedra', 4);
insert into KLIENT (IdKlienta, Imie, Nazwisko, NumerTelefonu, Ulica, NumerUlica, Miasto, IdStatusu) values (167, 'Magdalen', 'Mowsley', '5166311831', 'Comanche', '67', 'Mori', 3);
insert into KLIENT (IdKlienta, Imie, Nazwisko, NumerTelefonu, Ulica, NumerUlica, Miasto, IdStatusu) values (168, 'Chantal', 'Huncoot', '3494006155', 'Pierstorff', '2867', 'Tuguanpu', 4);
insert into KLIENT (IdKlienta, Imie, Nazwisko, NumerTelefonu, Ulica, NumerUlica, Miasto, IdStatusu) values (169, 'Ceciley', 'Snook', '9474431789', 'Loftsgordon', '44', 'Villejuif', 6);
insert into KLIENT (IdKlienta, Imie, Nazwisko, NumerTelefonu, Ulica, NumerUlica, Miasto, IdStatusu) values (170, 'Gerick', 'Shalliker', '6867069801', 'Scofield', '048', 'Lumphăt', 4);
insert into KLIENT (IdKlienta, Imie, Nazwisko, NumerTelefonu, Ulica, NumerUlica, Miasto, IdStatusu) values (171, 'Gan', 'Dooland', '1418200709', 'Northland', '9383', 'Zhonghouhe', 6);
insert into KLIENT (IdKlienta, Imie, Nazwisko, NumerTelefonu, Ulica, NumerUlica, Miasto, IdStatusu) values (172, 'Analiese', 'Graeber', '9675843111', 'Bobwhite', '190', 'Gazimurskiy Zavod', 6);
insert into KLIENT (IdKlienta, Imie, Nazwisko, NumerTelefonu, Ulica, NumerUlica, Miasto, IdStatusu) values (173, 'Nike', 'Kasting', '4169418801', 'Lien', '93', 'Gostynin', 3);
insert into KLIENT (IdKlienta, Imie, Nazwisko, NumerTelefonu, Ulica, NumerUlica, Miasto, IdStatusu) values (174, 'Faith', 'Lehenmann', '3077523675', 'Lunder', '53033', 'Lianhe', 2);
insert into KLIENT (IdKlienta, Imie, Nazwisko, NumerTelefonu, Ulica, NumerUlica, Miasto, IdStatusu) values (175, 'Obediah', 'Nanelli', '2026910672', 'Eggendart', '32', 'Jiefu', 5);
insert into KLIENT (IdKlienta, Imie, Nazwisko, NumerTelefonu, Ulica, NumerUlica, Miasto, IdStatusu) values (176, 'Laurie', 'Androletti', '9011980189', 'Farmco', '943', 'Město', 2);
insert into KLIENT (IdKlienta, Imie, Nazwisko, NumerTelefonu, Ulica, NumerUlica, Miasto, IdStatusu) values (177, 'Mathian', 'Assante', '5861629608', 'Hallows', '71098', 'Ukata', 6);
insert into KLIENT (IdKlienta, Imie, Nazwisko, NumerTelefonu, Ulica, NumerUlica, Miasto, IdStatusu) values (178, 'Yetty', 'Wilkinson', '9554226463', 'Marcy', '22910', 'Itapaci', 4);
insert into KLIENT (IdKlienta, Imie, Nazwisko, NumerTelefonu, Ulica, NumerUlica, Miasto, IdStatusu) values (179, 'Etan', 'Birdwistle', '2025925599', 'Johnson', '21200', 'Washington', 6);
insert into KLIENT (IdKlienta, Imie, Nazwisko, NumerTelefonu, Ulica, NumerUlica, Miasto, IdStatusu) values (180, 'Torrie', 'Menier', '5804425113', 'Cody', '80575', 'Zhouji', 1);
insert into KLIENT (IdKlienta, Imie, Nazwisko, NumerTelefonu, Ulica, NumerUlica, Miasto, IdStatusu) values (181, 'Gerick', 'Potes', '2012403316', 'Logan', '6', 'Shouchang', 4);
insert into KLIENT (IdKlienta, Imie, Nazwisko, NumerTelefonu, Ulica, NumerUlica, Miasto, IdStatusu) values (182, 'Constantina', 'Cafferky', '3515409489', 'Towne', '4', 'Luis Donaldo Colosio', 3);
insert into KLIENT (IdKlienta, Imie, Nazwisko, NumerTelefonu, Ulica, NumerUlica, Miasto, IdStatusu) values (183, 'Wilmar', 'Roskilly', '9082344817', 'Tomscot', '7590', 'Kukur', 1);
insert into KLIENT (IdKlienta, Imie, Nazwisko, NumerTelefonu, Ulica, NumerUlica, Miasto, IdStatusu) values (184, 'Jean', 'Birk', '6219907760', 'Moose', '5479', 'Ganhe', 5);
insert into KLIENT (IdKlienta, Imie, Nazwisko, NumerTelefonu, Ulica, NumerUlica, Miasto, IdStatusu) values (185, 'Syman', 'Goatman', '9389072692', '1st', '9', 'Peachland', 5);
insert into KLIENT (IdKlienta, Imie, Nazwisko, NumerTelefonu, Ulica, NumerUlica, Miasto, IdStatusu) values (186, 'Gary', 'Gian', '4849292606', 'Sachs', '82', 'Santa Lucia', 3);
insert into KLIENT (IdKlienta, Imie, Nazwisko, NumerTelefonu, Ulica, NumerUlica, Miasto, IdStatusu) values (187, 'Andonis', 'Buckie', '6658899113', 'Longview', '0301', 'Fangxiang', 3);
insert into KLIENT (IdKlienta, Imie, Nazwisko, NumerTelefonu, Ulica, NumerUlica, Miasto, IdStatusu) values (188, 'Cyndy', 'Trevena', '7773652533', 'Thompson', '96', 'Genteng', 1);
insert into KLIENT (IdKlienta, Imie, Nazwisko, NumerTelefonu, Ulica, NumerUlica, Miasto, IdStatusu) values (189, 'Effie', 'Gerritzen', '3017797670', 'Beilfuss', '546', 'Ngala', 5);
insert into KLIENT (IdKlienta, Imie, Nazwisko, NumerTelefonu, Ulica, NumerUlica, Miasto, IdStatusu) values (190, 'Tedie', 'Kirrage', '9727035777', 'Donald', '753', 'Clones', 3);
insert into KLIENT (IdKlienta, Imie, Nazwisko, NumerTelefonu, Ulica, NumerUlica, Miasto, IdStatusu) values (191, 'Ches', 'Iglesias', '9867411307', 'Sommers', '292', 'Rodniki', 6);
insert into KLIENT (IdKlienta, Imie, Nazwisko, NumerTelefonu, Ulica, NumerUlica, Miasto, IdStatusu) values (192, 'Paulette', 'Sleight', '8563300958', 'Hazelcrest', '84', 'Calachuchi', 2);
insert into KLIENT (IdKlienta, Imie, Nazwisko, NumerTelefonu, Ulica, NumerUlica, Miasto, IdStatusu) values (193, 'Agnesse', 'Siddeley', '8653191176', 'Clemons', '1', 'Vila Velha de Ródão', 5);
insert into KLIENT (IdKlienta, Imie, Nazwisko, NumerTelefonu, Ulica, NumerUlica, Miasto, IdStatusu) values (194, 'Brandon', 'MacMenemy', '4032556357', 'Londonderry', '346', 'Tsukumiura', 5);
insert into KLIENT (IdKlienta, Imie, Nazwisko, NumerTelefonu, Ulica, NumerUlica, Miasto, IdStatusu) values (195, 'Suzanne', 'Eeles', '6234066948', 'Sauthoff', '0', 'Tazemmourt', 6);
insert into KLIENT (IdKlienta, Imie, Nazwisko, NumerTelefonu, Ulica, NumerUlica, Miasto, IdStatusu) values (196, 'Jocelin', 'Bricknell', '3703827719', 'Shasta', '0', 'Yingchuan', 6);
insert into KLIENT (IdKlienta, Imie, Nazwisko, NumerTelefonu, Ulica, NumerUlica, Miasto, IdStatusu) values (197, 'Lydie', 'Keiling', '4144721728', 'Dunning', '5135', 'Mineiros', 3);
insert into KLIENT (IdKlienta, Imie, Nazwisko, NumerTelefonu, Ulica, NumerUlica, Miasto, IdStatusu) values (198, 'Grantham', 'Grevel', '1572334381', '3rd', '8', 'Sanli', 6);
insert into KLIENT (IdKlienta, Imie, Nazwisko, NumerTelefonu, Ulica, NumerUlica, Miasto, IdStatusu) values (199, 'Fairlie', 'Membry', '8525853727', 'Knutson', '0', 'Evijärvi', 5);
insert into KLIENT (IdKlienta, Imie, Nazwisko, NumerTelefonu, Ulica, NumerUlica, Miasto, IdStatusu) values (200, 'Loydie', 'Bonifazio', '8459252299', 'Arizona', '7536', 'Nova Era', 4);


insert into Rezerwacja (IdRezerwacji, DataRezerwacji, PoczatekPobytu, KoniecPobytu, IdKlienta, IdPokoju, IdHotelu) values (1, '2018-11-03 18:00:56', 2018-12-01 18:00:56 UTC, 2018-12-13 18:00:56 UTC, 24, 29, 3);
insert into Rezerwacja (IdRezerwacji, DataRezerwacji, PoczatekPobytu, KoniecPobytu, IdKlienta, IdPokoju, IdHotelu) values (2, '2018-12-16 08:53:41', 2018-12-31 08:53:41 UTC, 2019-01-12 08:53:41 UTC, 168, 186, 11);
insert into Rezerwacja (IdRezerwacji, DataRezerwacji, PoczatekPobytu, KoniecPobytu, IdKlienta, IdPokoju, IdHotelu) values (3, '2018-06-21 10:57:29', 2018-07-01 10:57:29 UTC, 2018-07-05 10:57:29 UTC, 29, 151, 11);
insert into Rezerwacja (IdRezerwacji, DataRezerwacji, PoczatekPobytu, KoniecPobytu, IdKlienta, IdPokoju, IdHotelu) values (4, '2019-02-23 09:27:27', 2019-03-25 09:27:27 UTC, 2019-04-02 09:27:27 UTC, 58, 122, 9);
insert into Rezerwacja (IdRezerwacji, DataRezerwacji, PoczatekPobytu, KoniecPobytu, IdKlienta, IdPokoju, IdHotelu) values (5, '2018-05-27 09:51:04', 2018-06-14 09:51:04 UTC, 2018-06-22 09:51:04 UTC, 27, 142, 14);
insert into Rezerwacja (IdRezerwacji, DataRezerwacji, PoczatekPobytu, KoniecPobytu, IdKlienta, IdPokoju, IdHotelu) values (6, '2018-04-23 01:23:04', 2018-05-12 01:23:04 UTC, 2018-05-19 01:23:04 UTC, 57, 166, 11);
insert into Rezerwacja (IdRezerwacji, DataRezerwacji, PoczatekPobytu, KoniecPobytu, IdKlienta, IdPokoju, IdHotelu) values (7, '2018-11-18 11:38:10', 2018-12-05 11:38:10 UTC, 2018-12-06 11:38:10 UTC, 181, 86, 5);
insert into Rezerwacja (IdRezerwacji, DataRezerwacji, PoczatekPobytu, KoniecPobytu, IdKlienta, IdPokoju, IdHotelu) values (8, '2018-04-11 02:47:01', 2018-04-25 02:47:01 UTC, 2018-05-08 02:47:01 UTC, 32, 130, 2);
insert into Rezerwacja (IdRezerwacji, DataRezerwacji, PoczatekPobytu, KoniecPobytu, IdKlienta, IdPokoju, IdHotelu) values (9, '2018-05-30 09:10:28', 2018-06-20 09:10:28 UTC, 2018-06-22 09:10:28 UTC, 59, 171, 2);
insert into Rezerwacja (IdRezerwacji, DataRezerwacji, PoczatekPobytu, KoniecPobytu, IdKlienta, IdPokoju, IdHotelu) values (10, '2018-09-15 09:31:30', 2018-10-13 09:31:30 UTC, 2018-10-23 09:31:30 UTC, 122, 101, 1);
insert into Rezerwacja (IdRezerwacji, DataRezerwacji, PoczatekPobytu, KoniecPobytu, IdKlienta, IdPokoju, IdHotelu) values (11, '2018-03-21 17:50:28', 2018-04-16 17:50:28 UTC, 2018-04-26 17:50:28 UTC, 69, 60, 12);
insert into Rezerwacja (IdRezerwacji, DataRezerwacji, PoczatekPobytu, KoniecPobytu, IdKlienta, IdPokoju, IdHotelu) values (12, '2018-04-11 02:43:33', 2018-04-21 02:43:33 UTC, 2018-05-01 02:43:33 UTC, 46, 173, 14);
insert into Rezerwacja (IdRezerwacji, DataRezerwacji, PoczatekPobytu, KoniecPobytu, IdKlienta, IdPokoju, IdHotelu) values (13, '2018-04-13 05:58:23', 2018-05-05 05:58:23 UTC, 2018-05-11 05:58:23 UTC, 133, 20, 8);
insert into Rezerwacja (IdRezerwacji, DataRezerwacji, PoczatekPobytu, KoniecPobytu, IdKlienta, IdPokoju, IdHotelu) values (14, '2018-12-16 20:43:25', 2019-01-01 20:43:25 UTC, 2019-01-02 20:43:25 UTC, 10, 34, 11);
insert into Rezerwacja (IdRezerwacji, DataRezerwacji, PoczatekPobytu, KoniecPobytu, IdKlienta, IdPokoju, IdHotelu) values (15, '2018-05-31 01:39:24', 2018-06-20 01:39:24 UTC, 2018-06-24 01:39:24 UTC, 141, 29, 9);
insert into Rezerwacja (IdRezerwacji, DataRezerwacji, PoczatekPobytu, KoniecPobytu, IdKlienta, IdPokoju, IdHotelu) values (16, '2018-11-30 09:39:31', 2018-12-29 09:39:31 UTC, 2019-01-12 09:39:31 UTC, 18, 54, 14);
insert into Rezerwacja (IdRezerwacji, DataRezerwacji, PoczatekPobytu, KoniecPobytu, IdKlienta, IdPokoju, IdHotelu) values (17, '2019-02-01 14:29:20', 2019-02-14 14:29:20 UTC, 2019-02-26 14:29:20 UTC, 40, 138, 2);
insert into Rezerwacja (IdRezerwacji, DataRezerwacji, PoczatekPobytu, KoniecPobytu, IdKlienta, IdPokoju, IdHotelu) values (18, '2018-06-24 05:39:51', 2018-07-15 05:39:51 UTC, 2018-07-23 05:39:51 UTC, 25, 113, 7);
insert into Rezerwacja (IdRezerwacji, DataRezerwacji, PoczatekPobytu, KoniecPobytu, IdKlienta, IdPokoju, IdHotelu) values (19, '2018-06-27 01:23:27', 2018-07-21 01:23:27 UTC, 2018-07-29 01:23:27 UTC, 116, 69, 12);
insert into Rezerwacja (IdRezerwacji, DataRezerwacji, PoczatekPobytu, KoniecPobytu, IdKlienta, IdPokoju, IdHotelu) values (20, '2018-08-30 16:35:49', 2018-09-22 16:35:49 UTC, 2018-10-05 16:35:49 UTC, 103, 68, 7);
insert into Rezerwacja (IdRezerwacji, DataRezerwacji, PoczatekPobytu, KoniecPobytu, IdKlienta, IdPokoju, IdHotelu) values (21, '2018-04-12 05:43:50', 2018-04-28 05:43:50 UTC, 2018-05-08 05:43:50 UTC, 3, 18, 6);
insert into Rezerwacja (IdRezerwacji, DataRezerwacji, PoczatekPobytu, KoniecPobytu, IdKlienta, IdPokoju, IdHotelu) values (22, '2019-01-12 09:24:00', 2019-01-27 09:24:00 UTC, 2019-01-28 09:24:00 UTC, 53, 3, 9);
insert into Rezerwacja (IdRezerwacji, DataRezerwacji, PoczatekPobytu, KoniecPobytu, IdKlienta, IdPokoju, IdHotelu) values (23, '2018-07-05 18:19:53', 2018-07-24 18:19:53 UTC, 2018-07-26 18:19:53 UTC, 151, 45, 11);
insert into Rezerwacja (IdRezerwacji, DataRezerwacji, PoczatekPobytu, KoniecPobytu, IdKlienta, IdPokoju, IdHotelu) values (24, '2018-10-06 20:59:47', 2018-10-24 20:59:47 UTC, 2018-10-27 20:59:47 UTC, 76, 189, 2);
insert into Rezerwacja (IdRezerwacji, DataRezerwacji, PoczatekPobytu, KoniecPobytu, IdKlienta, IdPokoju, IdHotelu) values (25, '2018-09-25 01:40:17', 2018-10-14 01:40:17 UTC, 2018-10-19 01:40:17 UTC, 15, 122, 4);
insert into Rezerwacja (IdRezerwacji, DataRezerwacji, PoczatekPobytu, KoniecPobytu, IdKlienta, IdPokoju, IdHotelu) values (26, '2018-07-22 11:46:40', 2018-08-14 11:46:40 UTC, 2018-08-19 11:46:40 UTC, 157, 62, 12);
insert into Rezerwacja (IdRezerwacji, DataRezerwacji, PoczatekPobytu, KoniecPobytu, IdKlienta, IdPokoju, IdHotelu) values (27, '2019-01-12 05:06:51', 2019-01-24 05:06:51 UTC, 2019-02-07 05:06:51 UTC, 88, 154, 15);
insert into Rezerwacja (IdRezerwacji, DataRezerwacji, PoczatekPobytu, KoniecPobytu, IdKlienta, IdPokoju, IdHotelu) values (28, '2018-09-20 12:40:16', 2018-10-08 12:40:16 UTC, 2018-10-18 12:40:16 UTC, 99, 194, 14);
insert into Rezerwacja (IdRezerwacji, DataRezerwacji, PoczatekPobytu, KoniecPobytu, IdKlienta, IdPokoju, IdHotelu) values (29, '2018-12-27 04:50:31', 2019-01-18 04:50:31 UTC, 2019-01-22 04:50:31 UTC, 29, 114, 8);
insert into Rezerwacja (IdRezerwacji, DataRezerwacji, PoczatekPobytu, KoniecPobytu, IdKlienta, IdPokoju, IdHotelu) values (30, '2018-04-23 15:16:27', 2018-05-03 15:16:27 UTC, 2018-05-08 15:16:27 UTC, 36, 103, 6);
insert into Rezerwacja (IdRezerwacji, DataRezerwacji, PoczatekPobytu, KoniecPobytu, IdKlienta, IdPokoju, IdHotelu) values (31, '2018-06-20 09:18:23', 2018-07-16 09:18:23 UTC, 2018-07-29 09:18:23 UTC, 196, 199, 8);
insert into Rezerwacja (IdRezerwacji, DataRezerwacji, PoczatekPobytu, KoniecPobytu, IdKlienta, IdPokoju, IdHotelu) values (32, '2018-08-11 19:19:38', 2018-08-27 19:19:38 UTC, 2018-08-31 19:19:38 UTC, 188, 44, 11);
insert into Rezerwacja (IdRezerwacji, DataRezerwacji, PoczatekPobytu, KoniecPobytu, IdKlienta, IdPokoju, IdHotelu) values (33, '2019-01-09 12:19:45', 2019-01-26 12:19:45 UTC, 2019-02-01 12:19:45 UTC, 59, 14, 7);
insert into Rezerwacja (IdRezerwacji, DataRezerwacji, PoczatekPobytu, KoniecPobytu, IdKlienta, IdPokoju, IdHotelu) values (34, '2019-01-30 22:34:52', 2019-02-24 22:34:52 UTC, 2019-02-26 22:34:52 UTC, 69, 159, 11);
insert into Rezerwacja (IdRezerwacji, DataRezerwacji, PoczatekPobytu, KoniecPobytu, IdKlienta, IdPokoju, IdHotelu) values (35, '2018-05-16 16:38:03', 2018-06-11 16:38:03 UTC, 2018-06-12 16:38:03 UTC, 122, 39, 1);
insert into Rezerwacja (IdRezerwacji, DataRezerwacji, PoczatekPobytu, KoniecPobytu, IdKlienta, IdPokoju, IdHotelu) values (36, '2018-10-20 13:33:45', 2018-11-03 13:33:45 UTC, 2018-11-17 13:33:45 UTC, 136, 158, 3);
insert into Rezerwacja (IdRezerwacji, DataRezerwacji, PoczatekPobytu, KoniecPobytu, IdKlienta, IdPokoju, IdHotelu) values (37, '2018-11-27 02:40:16', 2018-12-07 02:40:16 UTC, 2018-12-12 02:40:16 UTC, 36, 130, 3);
insert into Rezerwacja (IdRezerwacji, DataRezerwacji, PoczatekPobytu, KoniecPobytu, IdKlienta, IdPokoju, IdHotelu) values (38, '2018-06-26 07:10:02', 2018-07-17 07:10:02 UTC, 2018-07-30 07:10:02 UTC, 183, 57, 5);
insert into Rezerwacja (IdRezerwacji, DataRezerwacji, PoczatekPobytu, KoniecPobytu, IdKlienta, IdPokoju, IdHotelu) values (39, '2018-11-03 23:23:11', 2018-11-13 23:23:11 UTC, 2018-11-27 23:23:11 UTC, 111, 170, 15);
insert into Rezerwacja (IdRezerwacji, DataRezerwacji, PoczatekPobytu, KoniecPobytu, IdKlienta, IdPokoju, IdHotelu) values (40, '2018-05-18 12:41:35', 2018-06-12 12:41:35 UTC, 2018-06-16 12:41:35 UTC, 121, 55, 5);
insert into Rezerwacja (IdRezerwacji, DataRezerwacji, PoczatekPobytu, KoniecPobytu, IdKlienta, IdPokoju, IdHotelu) values (41, '2018-06-26 21:32:59', 2018-07-22 21:32:59 UTC, 2018-07-25 21:32:59 UTC, 136, 44, 2);
insert into Rezerwacja (IdRezerwacji, DataRezerwacji, PoczatekPobytu, KoniecPobytu, IdKlienta, IdPokoju, IdHotelu) values (42, '2018-07-03 13:42:23', 2018-07-13 13:42:23 UTC, 2018-07-19 13:42:23 UTC, 112, 141, 12);
insert into Rezerwacja (IdRezerwacji, DataRezerwacji, PoczatekPobytu, KoniecPobytu, IdKlienta, IdPokoju, IdHotelu) values (43, '2018-10-15 19:24:59', 2018-10-29 19:24:59 UTC, 2018-11-11 19:24:59 UTC, 164, 166, 11);
insert into Rezerwacja (IdRezerwacji, DataRezerwacji, PoczatekPobytu, KoniecPobytu, IdKlienta, IdPokoju, IdHotelu) values (44, '2018-10-09 08:30:31', 2018-10-20 08:30:31 UTC, 2018-10-30 08:30:31 UTC, 38, 25, 10);
insert into Rezerwacja (IdRezerwacji, DataRezerwacji, PoczatekPobytu, KoniecPobytu, IdKlienta, IdPokoju, IdHotelu) values (45, '2018-08-10 02:26:20', 2018-09-08 02:26:20 UTC, 2018-09-18 02:26:20 UTC, 169, 153, 12);
insert into Rezerwacja (IdRezerwacji, DataRezerwacji, PoczatekPobytu, KoniecPobytu, IdKlienta, IdPokoju, IdHotelu) values (46, '2018-07-13 10:45:33', 2018-07-25 10:45:33 UTC, 2018-08-08 10:45:33 UTC, 99, 118, 2);
insert into Rezerwacja (IdRezerwacji, DataRezerwacji, PoczatekPobytu, KoniecPobytu, IdKlienta, IdPokoju, IdHotelu) values (47, '2018-05-05 01:29:13', 2018-05-27 01:29:13 UTC, 2018-06-09 01:29:13 UTC, 173, 13, 1);
insert into Rezerwacja (IdRezerwacji, DataRezerwacji, PoczatekPobytu, KoniecPobytu, IdKlienta, IdPokoju, IdHotelu) values (48, '2018-05-15 12:28:44', 2018-06-13 12:28:44 UTC, 2018-06-14 12:28:44 UTC, 153, 165, 15);
insert into Rezerwacja (IdRezerwacji, DataRezerwacji, PoczatekPobytu, KoniecPobytu, IdKlienta, IdPokoju, IdHotelu) values (49, '2018-12-19 04:28:39', 2018-12-31 04:28:39 UTC, 2019-01-01 04:28:39 UTC, 183, 159, 6);
insert into Rezerwacja (IdRezerwacji, DataRezerwacji, PoczatekPobytu, KoniecPobytu, IdKlienta, IdPokoju, IdHotelu) values (50, '2019-03-10 14:44:44', 2019-03-31 14:44:44 UTC, 2019-04-08 14:44:44 UTC, 78, 149, 8);
insert into Rezerwacja (IdRezerwacji, DataRezerwacji, PoczatekPobytu, KoniecPobytu, IdKlienta, IdPokoju, IdHotelu) values (51, '2018-12-12 23:18:33', 2018-12-24 23:18:33 UTC, 2018-12-25 23:18:33 UTC, 27, 98, 13);
insert into Rezerwacja (IdRezerwacji, DataRezerwacji, PoczatekPobytu, KoniecPobytu, IdKlienta, IdPokoju, IdHotelu) values (52, '2018-09-15 07:06:31', 2018-10-01 07:06:31 UTC, 2018-10-11 07:06:31 UTC, 9, 171, 3);
insert into Rezerwacja (IdRezerwacji, DataRezerwacji, PoczatekPobytu, KoniecPobytu, IdKlienta, IdPokoju, IdHotelu) values (53, '2018-06-03 00:27:12', 2018-06-14 00:27:12 UTC, 2018-06-18 00:27:12 UTC, 56, 44, 8);
insert into Rezerwacja (IdRezerwacji, DataRezerwacji, PoczatekPobytu, KoniecPobytu, IdKlienta, IdPokoju, IdHotelu) values (54, '2018-11-10 18:08:43', 2018-11-26 18:08:43 UTC, 2018-11-29 18:08:43 UTC, 38, 199, 15);
insert into Rezerwacja (IdRezerwacji, DataRezerwacji, PoczatekPobytu, KoniecPobytu, IdKlienta, IdPokoju, IdHotelu) values (55, '2018-06-22 19:46:00', 2018-07-13 19:46:00 UTC, 2018-07-25 19:46:00 UTC, 134, 90, 2);
insert into Rezerwacja (IdRezerwacji, DataRezerwacji, PoczatekPobytu, KoniecPobytu, IdKlienta, IdPokoju, IdHotelu) values (56, '2018-09-25 10:16:04', 2018-10-09 10:16:04 UTC, 2018-10-18 10:16:04 UTC, 84, 49, 6);
insert into Rezerwacja (IdRezerwacji, DataRezerwacji, PoczatekPobytu, KoniecPobytu, IdKlienta, IdPokoju, IdHotelu) values (57, '2018-06-08 18:27:39', 2018-06-18 18:27:39 UTC, 2018-07-01 18:27:39 UTC, 61, 157, 4);
insert into Rezerwacja (IdRezerwacji, DataRezerwacji, PoczatekPobytu, KoniecPobytu, IdKlienta, IdPokoju, IdHotelu) values (58, '2018-10-28 09:42:07', 2018-11-17 09:42:07 UTC, 2018-12-01 09:42:07 UTC, 61, 70, 9);
insert into Rezerwacja (IdRezerwacji, DataRezerwacji, PoczatekPobytu, KoniecPobytu, IdKlienta, IdPokoju, IdHotelu) values (59, '2018-12-01 08:00:13', 2018-12-14 08:00:13 UTC, 2018-12-15 08:00:13 UTC, 138, 98, 2);
insert into Rezerwacja (IdRezerwacji, DataRezerwacji, PoczatekPobytu, KoniecPobytu, IdKlienta, IdPokoju, IdHotelu) values (60, '2019-02-17 22:18:47', 2019-03-14 22:18:47 UTC, 2019-03-28 22:18:47 UTC, 43, 80, 10);
insert into Rezerwacja (IdRezerwacji, DataRezerwacji, PoczatekPobytu, KoniecPobytu, IdKlienta, IdPokoju, IdHotelu) values (61, '2019-01-01 03:25:40', 2019-01-16 03:25:40 UTC, 2019-01-24 03:25:40 UTC, 198, 165, 12);
insert into Rezerwacja (IdRezerwacji, DataRezerwacji, PoczatekPobytu, KoniecPobytu, IdKlienta, IdPokoju, IdHotelu) values (62, '2019-03-20 01:17:55', 2019-04-18 01:17:55 UTC, 2019-04-21 01:17:55 UTC, 182, 115, 13);
insert into Rezerwacja (IdRezerwacji, DataRezerwacji, PoczatekPobytu, KoniecPobytu, IdKlienta, IdPokoju, IdHotelu) values (63, '2018-04-06 19:14:32', 2018-04-27 19:14:32 UTC, 2018-05-03 19:14:32 UTC, 81, 91, 12);
insert into Rezerwacja (IdRezerwacji, DataRezerwacji, PoczatekPobytu, KoniecPobytu, IdKlienta, IdPokoju, IdHotelu) values (64, '2018-11-03 12:40:22', 2018-11-21 12:40:22 UTC, 2018-12-05 12:40:22 UTC, 83, 107, 6);
insert into Rezerwacja (IdRezerwacji, DataRezerwacji, PoczatekPobytu, KoniecPobytu, IdKlienta, IdPokoju, IdHotelu) values (65, '2018-04-20 08:34:44', 2018-05-01 08:34:44 UTC, 2018-05-03 08:34:44 UTC, 17, 64, 15);
insert into Rezerwacja (IdRezerwacji, DataRezerwacji, PoczatekPobytu, KoniecPobytu, IdKlienta, IdPokoju, IdHotelu) values (66, '2018-10-16 15:16:51', 2018-11-15 15:16:51 UTC, 2018-11-26 15:16:51 UTC, 146, 155, 9);
insert into Rezerwacja (IdRezerwacji, DataRezerwacji, PoczatekPobytu, KoniecPobytu, IdKlienta, IdPokoju, IdHotelu) values (67, '2018-04-08 19:30:14', 2018-04-22 19:30:14 UTC, 2018-05-05 19:30:14 UTC, 74, 85, 3);
insert into Rezerwacja (IdRezerwacji, DataRezerwacji, PoczatekPobytu, KoniecPobytu, IdKlienta, IdPokoju, IdHotelu) values (68, '2019-02-11 17:45:33', 2019-03-11 17:45:33 UTC, 2019-03-21 17:45:33 UTC, 195, 136, 11);
insert into Rezerwacja (IdRezerwacji, DataRezerwacji, PoczatekPobytu, KoniecPobytu, IdKlienta, IdPokoju, IdHotelu) values (69, '2018-12-05 10:59:32', 2018-12-26 10:59:32 UTC, 2019-01-03 10:59:32 UTC, 181, 78, 13);
insert into Rezerwacja (IdRezerwacji, DataRezerwacji, PoczatekPobytu, KoniecPobytu, IdKlienta, IdPokoju, IdHotelu) values (70, '2018-10-29 09:48:05', 2018-11-09 09:48:05 UTC, 2018-11-22 09:48:05 UTC, 17, 124, 5);
insert into Rezerwacja (IdRezerwacji, DataRezerwacji, PoczatekPobytu, KoniecPobytu, IdKlienta, IdPokoju, IdHotelu) values (71, '2018-10-23 06:56:36', 2018-11-09 06:56:36 UTC, 2018-11-13 06:56:36 UTC, 9, 64, 7);
insert into Rezerwacja (IdRezerwacji, DataRezerwacji, PoczatekPobytu, KoniecPobytu, IdKlienta, IdPokoju, IdHotelu) values (72, '2019-03-03 23:24:27', 2019-03-31 23:24:27 UTC, 2019-04-14 23:24:27 UTC, 146, 142, 10);
insert into Rezerwacja (IdRezerwacji, DataRezerwacji, PoczatekPobytu, KoniecPobytu, IdKlienta, IdPokoju, IdHotelu) values (73, '2018-11-02 17:59:44', 2018-11-18 17:59:44 UTC, 2018-12-02 17:59:44 UTC, 200, 2, 9);
insert into Rezerwacja (IdRezerwacji, DataRezerwacji, PoczatekPobytu, KoniecPobytu, IdKlienta, IdPokoju, IdHotelu) values (74, '2018-06-03 21:55:05', 2018-06-19 21:55:05 UTC, 2018-06-27 21:55:05 UTC, 135, 50, 1);
insert into Rezerwacja (IdRezerwacji, DataRezerwacji, PoczatekPobytu, KoniecPobytu, IdKlienta, IdPokoju, IdHotelu) values (75, '2019-02-28 07:25:10', 2019-03-20 07:25:10 UTC, 2019-03-23 07:25:10 UTC, 161, 48, 13);
insert into Rezerwacja (IdRezerwacji, DataRezerwacji, PoczatekPobytu, KoniecPobytu, IdKlienta, IdPokoju, IdHotelu) values (76, '2018-10-13 23:59:25', 2018-10-24 23:59:25 UTC, 2018-10-27 23:59:25 UTC, 157, 159, 5);
insert into Rezerwacja (IdRezerwacji, DataRezerwacji, PoczatekPobytu, KoniecPobytu, IdKlienta, IdPokoju, IdHotelu) values (77, '2018-06-07 04:45:48', 2018-06-22 04:45:48 UTC, 2018-07-01 04:45:48 UTC, 35, 81, 10);
insert into Rezerwacja (IdRezerwacji, DataRezerwacji, PoczatekPobytu, KoniecPobytu, IdKlienta, IdPokoju, IdHotelu) values (78, '2018-04-01 07:20:22', 2018-04-30 07:20:22 UTC, 2018-05-06 07:20:22 UTC, 11, 148, 11);
insert into Rezerwacja (IdRezerwacji, DataRezerwacji, PoczatekPobytu, KoniecPobytu, IdKlienta, IdPokoju, IdHotelu) values (79, '2018-07-01 02:48:30', 2018-07-28 02:48:30 UTC, 2018-07-29 02:48:30 UTC, 199, 59, 11);
insert into Rezerwacja (IdRezerwacji, DataRezerwacji, PoczatekPobytu, KoniecPobytu, IdKlienta, IdPokoju, IdHotelu) values (80, '2018-06-28 00:50:45', 2018-07-08 00:50:45 UTC, 2018-07-18 00:50:45 UTC, 95, 167, 12);
insert into Rezerwacja (IdRezerwacji, DataRezerwacji, PoczatekPobytu, KoniecPobytu, IdKlienta, IdPokoju, IdHotelu) values (81, '2018-12-22 14:28:11', 2019-01-10 14:28:11 UTC, 2019-01-14 14:28:11 UTC, 141, 125, 7);
insert into Rezerwacja (IdRezerwacji, DataRezerwacji, PoczatekPobytu, KoniecPobytu, IdKlienta, IdPokoju, IdHotelu) values (82, '2018-09-17 09:37:15', 2018-10-15 09:37:15 UTC, 2018-10-22 09:37:15 UTC, 96, 64, 6);
insert into Rezerwacja (IdRezerwacji, DataRezerwacji, PoczatekPobytu, KoniecPobytu, IdKlienta, IdPokoju, IdHotelu) values (83, '2018-08-13 17:17:25', 2018-08-25 17:17:25 UTC, 2018-09-02 17:17:25 UTC, 103, 66, 13);
insert into Rezerwacja (IdRezerwacji, DataRezerwacji, PoczatekPobytu, KoniecPobytu, IdKlienta, IdPokoju, IdHotelu) values (84, '2018-05-03 11:25:15', 2018-05-22 11:25:15 UTC, 2018-05-27 11:25:15 UTC, 104, 40, 15);
insert into Rezerwacja (IdRezerwacji, DataRezerwacji, PoczatekPobytu, KoniecPobytu, IdKlienta, IdPokoju, IdHotelu) values (85, '2018-12-28 02:01:56', 2019-01-27 02:01:56 UTC, 2019-02-07 02:01:56 UTC, 108, 111, 4);
insert into Rezerwacja (IdRezerwacji, DataRezerwacji, PoczatekPobytu, KoniecPobytu, IdKlienta, IdPokoju, IdHotelu) values (86, '2018-10-03 14:37:44', 2018-10-31 14:37:44 UTC, 2018-11-08 14:37:44 UTC, 12, 143, 2);
insert into Rezerwacja (IdRezerwacji, DataRezerwacji, PoczatekPobytu, KoniecPobytu, IdKlienta, IdPokoju, IdHotelu) values (87, '2019-01-11 18:43:03', 2019-02-10 18:43:03 UTC, 2019-02-17 18:43:03 UTC, 16, 88, 1);
insert into Rezerwacja (IdRezerwacji, DataRezerwacji, PoczatekPobytu, KoniecPobytu, IdKlienta, IdPokoju, IdHotelu) values (88, '2018-11-28 18:17:42', 2018-12-15 18:17:42 UTC, 2018-12-27 18:17:42 UTC, 177, 192, 2);
insert into Rezerwacja (IdRezerwacji, DataRezerwacji, PoczatekPobytu, KoniecPobytu, IdKlienta, IdPokoju, IdHotelu) values (89, '2019-03-04 13:52:39', 2019-03-15 13:52:39 UTC, 2019-03-21 13:52:39 UTC, 69, 116, 5);
insert into Rezerwacja (IdRezerwacji, DataRezerwacji, PoczatekPobytu, KoniecPobytu, IdKlienta, IdPokoju, IdHotelu) values (90, '2019-01-21 15:09:27', 2019-02-15 15:09:27 UTC, 2019-02-18 15:09:27 UTC, 85, 94, 7);
insert into Rezerwacja (IdRezerwacji, DataRezerwacji, PoczatekPobytu, KoniecPobytu, IdKlienta, IdPokoju, IdHotelu) values (91, '2018-05-16 19:56:09', 2018-06-03 19:56:09 UTC, 2018-06-04 19:56:09 UTC, 27, 109, 6);
insert into Rezerwacja (IdRezerwacji, DataRezerwacji, PoczatekPobytu, KoniecPobytu, IdKlienta, IdPokoju, IdHotelu) values (92, '2018-04-27 15:38:37', 2018-05-14 15:38:37 UTC, 2018-05-18 15:38:37 UTC, 144, 116, 3);
insert into Rezerwacja (IdRezerwacji, DataRezerwacji, PoczatekPobytu, KoniecPobytu, IdKlienta, IdPokoju, IdHotelu) values (93, '2018-10-14 05:47:57', 2018-10-31 05:47:57 UTC, 2018-11-11 05:47:57 UTC, 82, 200, 2);
insert into Rezerwacja (IdRezerwacji, DataRezerwacji, PoczatekPobytu, KoniecPobytu, IdKlienta, IdPokoju, IdHotelu) values (94, '2018-11-21 12:12:49', 2018-12-21 12:12:49 UTC, 2019-01-02 12:12:49 UTC, 96, 141, 4);
insert into Rezerwacja (IdRezerwacji, DataRezerwacji, PoczatekPobytu, KoniecPobytu, IdKlienta, IdPokoju, IdHotelu) values (95, '2018-04-22 04:07:52', 2018-05-22 04:07:52 UTC, 2018-06-02 04:07:52 UTC, 13, 127, 9);
insert into Rezerwacja (IdRezerwacji, DataRezerwacji, PoczatekPobytu, KoniecPobytu, IdKlienta, IdPokoju, IdHotelu) values (96, '2019-01-21 03:10:08', 2019-02-08 03:10:08 UTC, 2019-02-20 03:10:08 UTC, 47, 16, 4);
insert into Rezerwacja (IdRezerwacji, DataRezerwacji, PoczatekPobytu, KoniecPobytu, IdKlienta, IdPokoju, IdHotelu) values (97, '2018-10-02 23:04:47', 2018-10-21 23:04:47 UTC, 2018-10-25 23:04:47 UTC, 89, 160, 13);
insert into Rezerwacja (IdRezerwacji, DataRezerwacji, PoczatekPobytu, KoniecPobytu, IdKlienta, IdPokoju, IdHotelu) values (98, '2018-05-03 17:01:50', 2018-05-15 17:01:50 UTC, 2018-05-24 17:01:50 UTC, 10, 186, 5);
insert into Rezerwacja (IdRezerwacji, DataRezerwacji, PoczatekPobytu, KoniecPobytu, IdKlienta, IdPokoju, IdHotelu) values (99, '2018-11-19 09:17:40', 2018-11-29 09:17:40 UTC, 2018-12-03 09:17:40 UTC, 168, 53, 1);
insert into Rezerwacja (IdRezerwacji, DataRezerwacji, PoczatekPobytu, KoniecPobytu, IdKlienta, IdPokoju, IdHotelu) values (100, '2018-07-29 06:21:45', 2018-08-25 06:21:45 UTC, 2018-09-06 06:21:45 UTC, 164, 192, 3);
insert into Rezerwacja (IdRezerwacji, DataRezerwacji, PoczatekPobytu, KoniecPobytu, IdKlienta, IdPokoju, IdHotelu) values (101, '2019-02-02 18:55:18', 2019-02-27 18:55:18 UTC, 2019-03-07 18:55:18 UTC, 8, 195, 12);
insert into Rezerwacja (IdRezerwacji, DataRezerwacji, PoczatekPobytu, KoniecPobytu, IdKlienta, IdPokoju, IdHotelu) values (102, '2018-05-22 09:08:36', 2018-06-03 09:08:36 UTC, 2018-06-08 09:08:36 UTC, 178, 23, 6);
insert into Rezerwacja (IdRezerwacji, DataRezerwacji, PoczatekPobytu, KoniecPobytu, IdKlienta, IdPokoju, IdHotelu) values (103, '2018-12-26 14:59:55', 2019-01-08 14:59:55 UTC, 2019-01-21 14:59:55 UTC, 76, 55, 5);
insert into Rezerwacja (IdRezerwacji, DataRezerwacji, PoczatekPobytu, KoniecPobytu, IdKlienta, IdPokoju, IdHotelu) values (104, '2018-07-30 17:52:26', 2018-08-10 17:52:26 UTC, 2018-08-16 17:52:26 UTC, 105, 144, 3);
insert into Rezerwacja (IdRezerwacji, DataRezerwacji, PoczatekPobytu, KoniecPobytu, IdKlienta, IdPokoju, IdHotelu) values (105, '2019-03-07 22:29:16', 2019-04-05 22:29:16 UTC, 2019-04-12 22:29:16 UTC, 17, 81, 13);
insert into Rezerwacja (IdRezerwacji, DataRezerwacji, PoczatekPobytu, KoniecPobytu, IdKlienta, IdPokoju, IdHotelu) values (106, '2018-11-30 23:25:42', 2018-12-21 23:25:42 UTC, 2018-12-23 23:25:42 UTC, 137, 184, 6);
insert into Rezerwacja (IdRezerwacji, DataRezerwacji, PoczatekPobytu, KoniecPobytu, IdKlienta, IdPokoju, IdHotelu) values (107, '2018-07-25 00:00:26', 2018-08-22 00:00:26 UTC, 2018-08-30 00:00:26 UTC, 29, 162, 11);
insert into Rezerwacja (IdRezerwacji, DataRezerwacji, PoczatekPobytu, KoniecPobytu, IdKlienta, IdPokoju, IdHotelu) values (108, '2018-04-17 16:33:31', 2018-05-08 16:33:31 UTC, 2018-05-12 16:33:31 UTC, 34, 92, 11);
insert into Rezerwacja (IdRezerwacji, DataRezerwacji, PoczatekPobytu, KoniecPobytu, IdKlienta, IdPokoju, IdHotelu) values (109, '2018-09-21 16:35:16', 2018-10-09 16:35:16 UTC, 2018-10-10 16:35:16 UTC, 95, 129, 12);
insert into Rezerwacja (IdRezerwacji, DataRezerwacji, PoczatekPobytu, KoniecPobytu, IdKlienta, IdPokoju, IdHotelu) values (110, '2018-12-09 16:05:14', 2018-12-22 16:05:14 UTC, 2018-12-29 16:05:14 UTC, 78, 122, 4);
insert into Rezerwacja (IdRezerwacji, DataRezerwacji, PoczatekPobytu, KoniecPobytu, IdKlienta, IdPokoju, IdHotelu) values (111, '2018-09-30 15:48:00', 2018-10-13 15:48:00 UTC, 2018-10-18 15:48:00 UTC, 65, 181, 1);
insert into Rezerwacja (IdRezerwacji, DataRezerwacji, PoczatekPobytu, KoniecPobytu, IdKlienta, IdPokoju, IdHotelu) values (112, '2018-07-29 04:00:03', 2018-08-13 04:00:03 UTC, 2018-08-18 04:00:03 UTC, 51, 172, 15);
insert into Rezerwacja (IdRezerwacji, DataRezerwacji, PoczatekPobytu, KoniecPobytu, IdKlienta, IdPokoju, IdHotelu) values (113, '2018-05-01 22:31:52', 2018-05-24 22:31:52 UTC, 2018-05-25 22:31:52 UTC, 5, 136, 1);
insert into Rezerwacja (IdRezerwacji, DataRezerwacji, PoczatekPobytu, KoniecPobytu, IdKlienta, IdPokoju, IdHotelu) values (114, '2019-03-04 16:01:33', 2019-03-22 16:01:33 UTC, 2019-03-23 16:01:33 UTC, 93, 188, 7);
insert into Rezerwacja (IdRezerwacji, DataRezerwacji, PoczatekPobytu, KoniecPobytu, IdKlienta, IdPokoju, IdHotelu) values (115, '2018-07-12 05:35:51', 2018-08-06 05:35:51 UTC, 2018-08-07 05:35:51 UTC, 9, 85, 8);
insert into Rezerwacja (IdRezerwacji, DataRezerwacji, PoczatekPobytu, KoniecPobytu, IdKlienta, IdPokoju, IdHotelu) values (116, '2018-05-29 03:56:17', 2018-06-12 03:56:17 UTC, 2018-06-19 03:56:17 UTC, 18, 116, 2);
insert into Rezerwacja (IdRezerwacji, DataRezerwacji, PoczatekPobytu, KoniecPobytu, IdKlienta, IdPokoju, IdHotelu) values (117, '2018-06-29 03:45:48', 2018-07-16 03:45:48 UTC, 2018-07-23 03:45:48 UTC, 18, 199, 8);
insert into Rezerwacja (IdRezerwacji, DataRezerwacji, PoczatekPobytu, KoniecPobytu, IdKlienta, IdPokoju, IdHotelu) values (118, '2018-11-04 15:05:19', 2018-11-15 15:05:19 UTC, 2018-11-16 15:05:19 UTC, 170, 124, 6);
insert into Rezerwacja (IdRezerwacji, DataRezerwacji, PoczatekPobytu, KoniecPobytu, IdKlienta, IdPokoju, IdHotelu) values (119, '2019-01-01 16:49:21', 2019-01-28 16:49:21 UTC, 2019-02-10 16:49:21 UTC, 124, 31, 12);
insert into Rezerwacja (IdRezerwacji, DataRezerwacji, PoczatekPobytu, KoniecPobytu, IdKlienta, IdPokoju, IdHotelu) values (120, '2019-02-10 00:56:29', 2019-03-05 00:56:29 UTC, 2019-03-19 00:56:29 UTC, 103, 9, 9);
insert into Rezerwacja (IdRezerwacji, DataRezerwacji, PoczatekPobytu, KoniecPobytu, IdKlienta, IdPokoju, IdHotelu) values (121, '2018-09-05 01:00:17', 2018-09-19 01:00:17 UTC, 2018-09-28 01:00:17 UTC, 200, 94, 2);
insert into Rezerwacja (IdRezerwacji, DataRezerwacji, PoczatekPobytu, KoniecPobytu, IdKlienta, IdPokoju, IdHotelu) values (122, '2018-08-20 12:25:26', 2018-09-17 12:25:26 UTC, 2018-10-01 12:25:26 UTC, 195, 154, 7);
insert into Rezerwacja (IdRezerwacji, DataRezerwacji, PoczatekPobytu, KoniecPobytu, IdKlienta, IdPokoju, IdHotelu) values (123, '2018-07-09 02:14:38', 2018-07-23 02:14:38 UTC, 2018-07-27 02:14:38 UTC, 151, 119, 9);
insert into Rezerwacja (IdRezerwacji, DataRezerwacji, PoczatekPobytu, KoniecPobytu, IdKlienta, IdPokoju, IdHotelu) values (124, '2018-04-17 11:44:28', 2018-05-13 11:44:28 UTC, 2018-05-19 11:44:28 UTC, 144, 149, 13);
insert into Rezerwacja (IdRezerwacji, DataRezerwacji, PoczatekPobytu, KoniecPobytu, IdKlienta, IdPokoju, IdHotelu) values (125, '2018-06-13 05:14:56', 2018-07-04 05:14:56 UTC, 2018-07-13 05:14:56 UTC, 44, 51, 12);
insert into Rezerwacja (IdRezerwacji, DataRezerwacji, PoczatekPobytu, KoniecPobytu, IdKlienta, IdPokoju, IdHotelu) values (126, '2018-07-08 16:13:48', 2018-07-20 16:13:48 UTC, 2018-07-29 16:13:48 UTC, 137, 29, 12);
insert into Rezerwacja (IdRezerwacji, DataRezerwacji, PoczatekPobytu, KoniecPobytu, IdKlienta, IdPokoju, IdHotelu) values (127, '2019-01-19 17:35:57', 2019-02-12 17:35:57 UTC, 2019-02-18 17:35:57 UTC, 48, 27, 15);
insert into Rezerwacja (IdRezerwacji, DataRezerwacji, PoczatekPobytu, KoniecPobytu, IdKlienta, IdPokoju, IdHotelu) values (128, '2019-01-28 05:10:39', 2019-02-26 05:10:39 UTC, 2019-02-28 05:10:39 UTC, 139, 178, 1);
insert into Rezerwacja (IdRezerwacji, DataRezerwacji, PoczatekPobytu, KoniecPobytu, IdKlienta, IdPokoju, IdHotelu) values (129, '2018-11-07 04:24:22', 2018-11-24 04:24:22 UTC, 2018-12-08 04:24:22 UTC, 101, 26, 1);
insert into Rezerwacja (IdRezerwacji, DataRezerwacji, PoczatekPobytu, KoniecPobytu, IdKlienta, IdPokoju, IdHotelu) values (130, '2018-08-30 02:40:06', 2018-09-09 02:40:06 UTC, 2018-09-11 02:40:06 UTC, 141, 162, 12);
insert into Rezerwacja (IdRezerwacji, DataRezerwacji, PoczatekPobytu, KoniecPobytu, IdKlienta, IdPokoju, IdHotelu) values (131, '2018-09-25 20:51:37', 2018-10-13 20:51:37 UTC, 2018-10-25 20:51:37 UTC, 24, 51, 8);
insert into Rezerwacja (IdRezerwacji, DataRezerwacji, PoczatekPobytu, KoniecPobytu, IdKlienta, IdPokoju, IdHotelu) values (132, '2018-03-26 21:16:04', 2018-04-17 21:16:04 UTC, 2018-04-28 21:16:04 UTC, 69, 11, 14);
insert into Rezerwacja (IdRezerwacji, DataRezerwacji, PoczatekPobytu, KoniecPobytu, IdKlienta, IdPokoju, IdHotelu) values (133, '2019-02-23 12:25:35', 2019-03-05 12:25:35 UTC, 2019-03-11 12:25:35 UTC, 90, 14, 13);
insert into Rezerwacja (IdRezerwacji, DataRezerwacji, PoczatekPobytu, KoniecPobytu, IdKlienta, IdPokoju, IdHotelu) values (134, '2018-08-18 09:55:13', 2018-09-06 09:55:13 UTC, 2018-09-12 09:55:13 UTC, 21, 143, 8);
insert into Rezerwacja (IdRezerwacji, DataRezerwacji, PoczatekPobytu, KoniecPobytu, IdKlienta, IdPokoju, IdHotelu) values (135, '2019-01-17 16:09:51', 2019-02-03 16:09:51 UTC, 2019-02-07 16:09:51 UTC, 15, 109, 8);
insert into Rezerwacja (IdRezerwacji, DataRezerwacji, PoczatekPobytu, KoniecPobytu, IdKlienta, IdPokoju, IdHotelu) values (136, '2019-03-19 11:03:29', 2019-04-14 11:03:29 UTC, 2019-04-28 11:03:29 UTC, 43, 65, 4);
insert into Rezerwacja (IdRezerwacji, DataRezerwacji, PoczatekPobytu, KoniecPobytu, IdKlienta, IdPokoju, IdHotelu) values (137, '2018-08-02 00:29:57', 2018-08-31 00:29:57 UTC, 2018-09-04 00:29:57 UTC, 94, 27, 13);
insert into Rezerwacja (IdRezerwacji, DataRezerwacji, PoczatekPobytu, KoniecPobytu, IdKlienta, IdPokoju, IdHotelu) values (138, '2018-10-10 05:47:46', 2018-10-25 05:47:46 UTC, 2018-11-06 05:47:46 UTC, 164, 4, 6);
insert into Rezerwacja (IdRezerwacji, DataRezerwacji, PoczatekPobytu, KoniecPobytu, IdKlienta, IdPokoju, IdHotelu) values (139, '2019-03-14 12:17:46', 2019-04-12 12:17:46 UTC, 2019-04-22 12:17:46 UTC, 83, 79, 11);
insert into Rezerwacja (IdRezerwacji, DataRezerwacji, PoczatekPobytu, KoniecPobytu, IdKlienta, IdPokoju, IdHotelu) values (140, '2018-06-10 06:20:04', 2018-06-21 06:20:04 UTC, 2018-06-26 06:20:04 UTC, 157, 185, 13);
insert into Rezerwacja (IdRezerwacji, DataRezerwacji, PoczatekPobytu, KoniecPobytu, IdKlienta, IdPokoju, IdHotelu) values (141, '2018-06-18 21:51:19', 2018-07-14 21:51:19 UTC, 2018-07-22 21:51:19 UTC, 74, 80, 14);
insert into Rezerwacja (IdRezerwacji, DataRezerwacji, PoczatekPobytu, KoniecPobytu, IdKlienta, IdPokoju, IdHotelu) values (142, '2019-03-01 00:00:09', 2019-03-31 00:00:09 UTC, 2019-04-07 00:00:09 UTC, 151, 58, 4);
insert into Rezerwacja (IdRezerwacji, DataRezerwacji, PoczatekPobytu, KoniecPobytu, IdKlienta, IdPokoju, IdHotelu) values (143, '2019-03-11 02:39:05', 2019-04-08 02:39:05 UTC, 2019-04-10 02:39:05 UTC, 53, 128, 9);
insert into Rezerwacja (IdRezerwacji, DataRezerwacji, PoczatekPobytu, KoniecPobytu, IdKlienta, IdPokoju, IdHotelu) values (144, '2018-11-02 12:41:40', 2018-11-15 12:41:40 UTC, 2018-11-23 12:41:40 UTC, 55, 185, 14);
insert into Rezerwacja (IdRezerwacji, DataRezerwacji, PoczatekPobytu, KoniecPobytu, IdKlienta, IdPokoju, IdHotelu) values (145, '2019-03-10 05:32:27', 2019-03-26 05:32:27 UTC, 2019-04-05 05:32:27 UTC, 104, 78, 8);
insert into Rezerwacja (IdRezerwacji, DataRezerwacji, PoczatekPobytu, KoniecPobytu, IdKlienta, IdPokoju, IdHotelu) values (146, '2018-12-01 09:34:23', 2018-12-27 09:34:23 UTC, 2019-01-02 09:34:23 UTC, 144, 39, 8);
insert into Rezerwacja (IdRezerwacji, DataRezerwacji, PoczatekPobytu, KoniecPobytu, IdKlienta, IdPokoju, IdHotelu) values (147, '2018-06-18 22:59:54', 2018-06-28 22:59:54 UTC, 2018-07-01 22:59:54 UTC, 35, 181, 12);
insert into Rezerwacja (IdRezerwacji, DataRezerwacji, PoczatekPobytu, KoniecPobytu, IdKlienta, IdPokoju, IdHotelu) values (148, '2018-07-21 08:32:33', 2018-08-08 08:32:33 UTC, 2018-08-15 08:32:33 UTC, 37, 23, 7);
insert into Rezerwacja (IdRezerwacji, DataRezerwacji, PoczatekPobytu, KoniecPobytu, IdKlienta, IdPokoju, IdHotelu) values (149, '2018-10-30 01:22:04', 2018-11-27 01:22:04 UTC, 2018-11-30 01:22:04 UTC, 183, 66, 7);
insert into Rezerwacja (IdRezerwacji, DataRezerwacji, PoczatekPobytu, KoniecPobytu, IdKlienta, IdPokoju, IdHotelu) values (150, '2018-11-07 12:16:12', 2018-11-25 12:16:12 UTC, 2018-11-27 12:16:12 UTC, 91, 58, 5);
insert into Rezerwacja (IdRezerwacji, DataRezerwacji, PoczatekPobytu, KoniecPobytu, IdKlienta, IdPokoju, IdHotelu) values (151, '2018-05-19 09:44:05', 2018-06-11 09:44:05 UTC, 2018-06-19 09:44:05 UTC, 72, 93, 5);
insert into Rezerwacja (IdRezerwacji, DataRezerwacji, PoczatekPobytu, KoniecPobytu, IdKlienta, IdPokoju, IdHotelu) values (152, '2018-12-03 03:35:14', 2018-12-20 03:35:14 UTC, 2018-12-21 03:35:14 UTC, 165, 93, 6);
insert into Rezerwacja (IdRezerwacji, DataRezerwacji, PoczatekPobytu, KoniecPobytu, IdKlienta, IdPokoju, IdHotelu) values (153, '2018-03-26 18:19:24', 2018-04-22 18:19:24 UTC, 2018-04-30 18:19:24 UTC, 116, 195, 1);
insert into Rezerwacja (IdRezerwacji, DataRezerwacji, PoczatekPobytu, KoniecPobytu, IdKlienta, IdPokoju, IdHotelu) values (154, '2018-11-22 15:27:21', 2018-12-06 15:27:21 UTC, 2018-12-18 15:27:21 UTC, 127, 35, 1);
insert into Rezerwacja (IdRezerwacji, DataRezerwacji, PoczatekPobytu, KoniecPobytu, IdKlienta, IdPokoju, IdHotelu) values (155, '2018-08-23 14:12:12', 2018-09-15 14:12:12 UTC, 2018-09-28 14:12:12 UTC, 7, 25, 2);
insert into Rezerwacja (IdRezerwacji, DataRezerwacji, PoczatekPobytu, KoniecPobytu, IdKlienta, IdPokoju, IdHotelu) values (156, '2019-03-15 20:47:53', 2019-03-29 20:47:53 UTC, 2019-03-31 20:47:53 UTC, 29, 106, 11);
insert into Rezerwacja (IdRezerwacji, DataRezerwacji, PoczatekPobytu, KoniecPobytu, IdKlienta, IdPokoju, IdHotelu) values (157, '2018-10-11 05:41:17', 2018-11-09 05:41:17 UTC, 2018-11-10 05:41:17 UTC, 44, 162, 11);
insert into Rezerwacja (IdRezerwacji, DataRezerwacji, PoczatekPobytu, KoniecPobytu, IdKlienta, IdPokoju, IdHotelu) values (158, '2018-11-16 09:26:09', 2018-11-29 09:26:09 UTC, 2018-12-09 09:26:09 UTC, 4, 141, 5);
insert into Rezerwacja (IdRezerwacji, DataRezerwacji, PoczatekPobytu, KoniecPobytu, IdKlienta, IdPokoju, IdHotelu) values (159, '2018-06-17 18:41:06', 2018-07-05 18:41:06 UTC, 2018-07-14 18:41:06 UTC, 169, 13, 12);
insert into Rezerwacja (IdRezerwacji, DataRezerwacji, PoczatekPobytu, KoniecPobytu, IdKlienta, IdPokoju, IdHotelu) values (160, '2018-12-18 09:04:28', 2019-01-13 09:04:28 UTC, 2019-01-20 09:04:28 UTC, 68, 194, 10);
insert into Rezerwacja (IdRezerwacji, DataRezerwacji, PoczatekPobytu, KoniecPobytu, IdKlienta, IdPokoju, IdHotelu) values (161, '2018-03-31 23:52:03', 2018-04-15 23:52:03 UTC, 2018-04-16 23:52:03 UTC, 58, 64, 11);
insert into Rezerwacja (IdRezerwacji, DataRezerwacji, PoczatekPobytu, KoniecPobytu, IdKlienta, IdPokoju, IdHotelu) values (162, '2019-02-08 04:55:19', 2019-02-20 04:55:19 UTC, 2019-02-22 04:55:19 UTC, 121, 15, 14);
insert into Rezerwacja (IdRezerwacji, DataRezerwacji, PoczatekPobytu, KoniecPobytu, IdKlienta, IdPokoju, IdHotelu) values (163, '2018-04-11 21:10:51', 2018-05-06 21:10:51 UTC, 2018-05-15 21:10:51 UTC, 162, 46, 13);
insert into Rezerwacja (IdRezerwacji, DataRezerwacji, PoczatekPobytu, KoniecPobytu, IdKlienta, IdPokoju, IdHotelu) values (164, '2018-11-12 07:32:59', 2018-12-12 07:32:59 UTC, 2018-12-18 07:32:59 UTC, 176, 16, 8);
insert into Rezerwacja (IdRezerwacji, DataRezerwacji, PoczatekPobytu, KoniecPobytu, IdKlienta, IdPokoju, IdHotelu) values (165, '2018-08-20 10:23:51', 2018-09-05 10:23:51 UTC, 2018-09-17 10:23:51 UTC, 116, 52, 10);
insert into Rezerwacja (IdRezerwacji, DataRezerwacji, PoczatekPobytu, KoniecPobytu, IdKlienta, IdPokoju, IdHotelu) values (166, '2018-08-16 02:38:56', 2018-09-03 02:38:56 UTC, 2018-09-12 02:38:56 UTC, 124, 93, 15);
insert into Rezerwacja (IdRezerwacji, DataRezerwacji, PoczatekPobytu, KoniecPobytu, IdKlienta, IdPokoju, IdHotelu) values (167, '2018-03-26 22:42:45', 2018-04-05 22:42:45 UTC, 2018-04-17 22:42:45 UTC, 21, 40, 15);
insert into Rezerwacja (IdRezerwacji, DataRezerwacji, PoczatekPobytu, KoniecPobytu, IdKlienta, IdPokoju, IdHotelu) values (168, '2019-02-05 20:05:48', 2019-02-23 20:05:48 UTC, 2019-03-08 20:05:48 UTC, 111, 42, 2);
insert into Rezerwacja (IdRezerwacji, DataRezerwacji, PoczatekPobytu, KoniecPobytu, IdKlienta, IdPokoju, IdHotelu) values (169, '2018-12-08 00:47:44', 2018-12-25 00:47:44 UTC, 2018-12-28 00:47:44 UTC, 58, 4, 1);
insert into Rezerwacja (IdRezerwacji, DataRezerwacji, PoczatekPobytu, KoniecPobytu, IdKlienta, IdPokoju, IdHotelu) values (170, '2018-09-18 16:22:44', 2018-10-16 16:22:44 UTC, 2018-10-23 16:22:44 UTC, 134, 177, 4);
insert into Rezerwacja (IdRezerwacji, DataRezerwacji, PoczatekPobytu, KoniecPobytu, IdKlienta, IdPokoju, IdHotelu) values (171, '2018-07-18 05:17:21', 2018-08-05 05:17:21 UTC, 2018-08-16 05:17:21 UTC, 3, 120, 11);
insert into Rezerwacja (IdRezerwacji, DataRezerwacji, PoczatekPobytu, KoniecPobytu, IdKlienta, IdPokoju, IdHotelu) values (172, '2018-05-03 09:09:11', 2018-05-30 09:09:11 UTC, 2018-06-11 09:09:11 UTC, 113, 165, 4);
insert into Rezerwacja (IdRezerwacji, DataRezerwacji, PoczatekPobytu, KoniecPobytu, IdKlienta, IdPokoju, IdHotelu) values (173, '2018-12-16 14:49:43', 2018-12-30 14:49:43 UTC, 2019-01-11 14:49:43 UTC, 22, 18, 7);
insert into Rezerwacja (IdRezerwacji, DataRezerwacji, PoczatekPobytu, KoniecPobytu, IdKlienta, IdPokoju, IdHotelu) values (174, '2018-04-12 17:57:17', 2018-04-26 17:57:17 UTC, 2018-05-07 17:57:17 UTC, 50, 68, 10);
insert into Rezerwacja (IdRezerwacji, DataRezerwacji, PoczatekPobytu, KoniecPobytu, IdKlienta, IdPokoju, IdHotelu) values (175, '2018-04-03 10:52:48', 2018-04-21 10:52:48 UTC, 2018-04-26 10:52:48 UTC, 42, 157, 1);
insert into Rezerwacja (IdRezerwacji, DataRezerwacji, PoczatekPobytu, KoniecPobytu, IdKlienta, IdPokoju, IdHotelu) values (176, '2018-12-09 01:16:26', 2018-12-21 01:16:26 UTC, 2018-12-29 01:16:26 UTC, 102, 110, 4);
insert into Rezerwacja (IdRezerwacji, DataRezerwacji, PoczatekPobytu, KoniecPobytu, IdKlienta, IdPokoju, IdHotelu) values (177, '2018-06-10 02:30:38', 2018-07-09 02:30:38 UTC, 2018-07-20 02:30:38 UTC, 139, 154, 6);
insert into Rezerwacja (IdRezerwacji, DataRezerwacji, PoczatekPobytu, KoniecPobytu, IdKlienta, IdPokoju, IdHotelu) values (178, '2019-01-12 20:32:02', 2019-02-09 20:32:02 UTC, 2019-02-14 20:32:02 UTC, 44, 121, 10);
insert into Rezerwacja (IdRezerwacji, DataRezerwacji, PoczatekPobytu, KoniecPobytu, IdKlienta, IdPokoju, IdHotelu) values (179, '2018-09-10 22:38:35', 2018-10-02 22:38:35 UTC, 2018-10-06 22:38:35 UTC, 29, 122, 14);
insert into Rezerwacja (IdRezerwacji, DataRezerwacji, PoczatekPobytu, KoniecPobytu, IdKlienta, IdPokoju, IdHotelu) values (180, '2019-01-12 15:18:47', 2019-01-22 15:18:47 UTC, 2019-02-03 15:18:47 UTC, 126, 159, 9);
insert into Rezerwacja (IdRezerwacji, DataRezerwacji, PoczatekPobytu, KoniecPobytu, IdKlienta, IdPokoju, IdHotelu) values (181, '2019-02-21 06:22:49', 2019-03-21 06:22:49 UTC, 2019-04-02 06:22:49 UTC, 178, 49, 14);
insert into Rezerwacja (IdRezerwacji, DataRezerwacji, PoczatekPobytu, KoniecPobytu, IdKlienta, IdPokoju, IdHotelu) values (182, '2018-06-02 15:04:52', 2018-06-15 15:04:52 UTC, 2018-06-28 15:04:52 UTC, 17, 81, 6);
insert into Rezerwacja (IdRezerwacji, DataRezerwacji, PoczatekPobytu, KoniecPobytu, IdKlienta, IdPokoju, IdHotelu) values (183, '2018-11-19 13:12:46', 2018-12-10 13:12:46 UTC, 2018-12-13 13:12:46 UTC, 148, 139, 1);
insert into Rezerwacja (IdRezerwacji, DataRezerwacji, PoczatekPobytu, KoniecPobytu, IdKlienta, IdPokoju, IdHotelu) values (184, '2019-01-17 19:25:19', 2019-02-06 19:25:19 UTC, 2019-02-11 19:25:19 UTC, 138, 33, 12);
insert into Rezerwacja (IdRezerwacji, DataRezerwacji, PoczatekPobytu, KoniecPobytu, IdKlienta, IdPokoju, IdHotelu) values (185, '2018-07-07 22:53:54', 2018-07-24 22:53:54 UTC, 2018-08-06 22:53:54 UTC, 130, 33, 6);
insert into Rezerwacja (IdRezerwacji, DataRezerwacji, PoczatekPobytu, KoniecPobytu, IdKlienta, IdPokoju, IdHotelu) values (186, '2018-09-22 16:40:50', 2018-10-10 16:40:50 UTC, 2018-10-12 16:40:50 UTC, 81, 108, 3);
insert into Rezerwacja (IdRezerwacji, DataRezerwacji, PoczatekPobytu, KoniecPobytu, IdKlienta, IdPokoju, IdHotelu) values (187, '2018-12-10 02:15:26', 2018-12-25 02:15:26 UTC, 2019-01-04 02:15:26 UTC, 62, 140, 8);
insert into Rezerwacja (IdRezerwacji, DataRezerwacji, PoczatekPobytu, KoniecPobytu, IdKlienta, IdPokoju, IdHotelu) values (188, '2018-08-08 07:57:16', 2018-08-20 07:57:16 UTC, 2018-08-26 07:57:16 UTC, 170, 99, 9);
insert into Rezerwacja (IdRezerwacji, DataRezerwacji, PoczatekPobytu, KoniecPobytu, IdKlienta, IdPokoju, IdHotelu) values (189, '2018-11-27 21:36:55', 2018-12-09 21:36:55 UTC, 2018-12-11 21:36:55 UTC, 123, 178, 12);
insert into Rezerwacja (IdRezerwacji, DataRezerwacji, PoczatekPobytu, KoniecPobytu, IdKlienta, IdPokoju, IdHotelu) values (190, '2018-08-12 04:43:21', 2018-09-11 04:43:21 UTC, 2018-09-16 04:43:21 UTC, 197, 161, 6);
insert into Rezerwacja (IdRezerwacji, DataRezerwacji, PoczatekPobytu, KoniecPobytu, IdKlienta, IdPokoju, IdHotelu) values (191, '2018-04-04 14:46:02', 2018-04-17 14:46:02 UTC, 2018-04-27 14:46:02 UTC, 182, 82, 9);
insert into Rezerwacja (IdRezerwacji, DataRezerwacji, PoczatekPobytu, KoniecPobytu, IdKlienta, IdPokoju, IdHotelu) values (192, '2018-12-10 03:33:17', 2018-12-29 03:33:17 UTC, 2019-01-01 03:33:17 UTC, 60, 191, 5);
insert into Rezerwacja (IdRezerwacji, DataRezerwacji, PoczatekPobytu, KoniecPobytu, IdKlienta, IdPokoju, IdHotelu) values (193, '2018-03-25 18:14:19', 2018-04-16 18:14:19 UTC, 2018-04-21 18:14:19 UTC, 144, 94, 9);
insert into Rezerwacja (IdRezerwacji, DataRezerwacji, PoczatekPobytu, KoniecPobytu, IdKlienta, IdPokoju, IdHotelu) values (194, '2018-08-10 13:15:01', 2018-09-02 13:15:01 UTC, 2018-09-03 13:15:01 UTC, 87, 43, 9);
insert into Rezerwacja (IdRezerwacji, DataRezerwacji, PoczatekPobytu, KoniecPobytu, IdKlienta, IdPokoju, IdHotelu) values (195, '2018-11-14 13:03:56', 2018-12-05 13:03:56 UTC, 2018-12-13 13:03:56 UTC, 137, 81, 5);
insert into Rezerwacja (IdRezerwacji, DataRezerwacji, PoczatekPobytu, KoniecPobytu, IdKlienta, IdPokoju, IdHotelu) values (196, '2018-03-25 00:28:06', 2018-04-11 00:28:06 UTC, 2018-04-16 00:28:06 UTC, 97, 163, 5);
insert into Rezerwacja (IdRezerwacji, DataRezerwacji, PoczatekPobytu, KoniecPobytu, IdKlienta, IdPokoju, IdHotelu) values (197, '2019-03-02 06:23:45', 2019-03-14 06:23:45 UTC, 2019-03-16 06:23:45 UTC, 46, 58, 8);
insert into Rezerwacja (IdRezerwacji, DataRezerwacji, PoczatekPobytu, KoniecPobytu, IdKlienta, IdPokoju, IdHotelu) values (198, '2018-07-19 10:41:36', 2018-08-11 10:41:36 UTC, 2018-08-21 10:41:36 UTC, 162, 104, 3);
insert into Rezerwacja (IdRezerwacji, DataRezerwacji, PoczatekPobytu, KoniecPobytu, IdKlienta, IdPokoju, IdHotelu) values (199, '2018-07-06 10:21:04', 2018-07-24 10:21:04 UTC, 2018-08-02 10:21:04 UTC, 173, 191, 1);
insert into Rezerwacja (IdRezerwacji, DataRezerwacji, PoczatekPobytu, KoniecPobytu, IdKlienta, IdPokoju, IdHotelu) values (200, '2018-05-26 05:54:02', 2018-06-11 05:54:02 UTC, 2018-06-20 05:54:02 UTC, 68, 56, 12);
insert into Rezerwacja (IdRezerwacji, DataRezerwacji, PoczatekPobytu, KoniecPobytu, IdKlienta, IdPokoju, IdHotelu) values (201, '2018-10-23 17:05:29', 2018-11-12 17:05:29 UTC, 2018-11-20 17:05:29 UTC, 73, 140, 1);
insert into Rezerwacja (IdRezerwacji, DataRezerwacji, PoczatekPobytu, KoniecPobytu, IdKlienta, IdPokoju, IdHotelu) values (202, '2019-02-22 11:11:08', 2019-03-14 11:11:08 UTC, 2019-03-17 11:11:08 UTC, 13, 95, 8);
insert into Rezerwacja (IdRezerwacji, DataRezerwacji, PoczatekPobytu, KoniecPobytu, IdKlienta, IdPokoju, IdHotelu) values (203, '2018-05-09 23:19:20', 2018-05-22 23:19:20 UTC, 2018-05-31 23:19:20 UTC, 31, 153, 13);
insert into Rezerwacja (IdRezerwacji, DataRezerwacji, PoczatekPobytu, KoniecPobytu, IdKlienta, IdPokoju, IdHotelu) values (204, '2018-10-17 18:13:10', 2018-11-14 18:13:10 UTC, 2018-11-26 18:13:10 UTC, 44, 143, 4);
insert into Rezerwacja (IdRezerwacji, DataRezerwacji, PoczatekPobytu, KoniecPobytu, IdKlienta, IdPokoju, IdHotelu) values (205, '2018-12-27 07:12:00', 2019-01-11 07:12:00 UTC, 2019-01-13 07:12:00 UTC, 156, 109, 5);
insert into Rezerwacja (IdRezerwacji, DataRezerwacji, PoczatekPobytu, KoniecPobytu, IdKlienta, IdPokoju, IdHotelu) values (206, '2019-02-07 14:07:59', 2019-03-01 14:07:59 UTC, 2019-03-14 14:07:59 UTC, 55, 61, 6);
insert into Rezerwacja (IdRezerwacji, DataRezerwacji, PoczatekPobytu, KoniecPobytu, IdKlienta, IdPokoju, IdHotelu) values (207, '2019-03-16 14:52:37', 2019-03-27 14:52:37 UTC, 2019-04-05 14:52:37 UTC, 48, 95, 15);
insert into Rezerwacja (IdRezerwacji, DataRezerwacji, PoczatekPobytu, KoniecPobytu, IdKlienta, IdPokoju, IdHotelu) values (208, '2018-05-22 11:45:36', 2018-06-05 11:45:36 UTC, 2018-06-12 11:45:36 UTC, 128, 106, 11);
insert into Rezerwacja (IdRezerwacji, DataRezerwacji, PoczatekPobytu, KoniecPobytu, IdKlienta, IdPokoju, IdHotelu) values (209, '2018-08-26 03:35:22', 2018-09-18 03:35:22 UTC, 2018-09-21 03:35:22 UTC, 79, 124, 5);
insert into Rezerwacja (IdRezerwacji, DataRezerwacji, PoczatekPobytu, KoniecPobytu, IdKlienta, IdPokoju, IdHotelu) values (210, '2019-01-15 21:11:20', 2019-01-31 21:11:20 UTC, 2019-02-04 21:11:20 UTC, 176, 119, 9);
insert into Rezerwacja (IdRezerwacji, DataRezerwacji, PoczatekPobytu, KoniecPobytu, IdKlienta, IdPokoju, IdHotelu) values (211, '2018-05-13 03:19:21', 2018-06-10 03:19:21 UTC, 2018-06-11 03:19:21 UTC, 114, 33, 1);
insert into Rezerwacja (IdRezerwacji, DataRezerwacji, PoczatekPobytu, KoniecPobytu, IdKlienta, IdPokoju, IdHotelu) values (212, '2018-10-02 10:01:13', 2018-10-23 10:01:13 UTC, 2018-11-04 10:01:13 UTC, 105, 130, 14);
insert into Rezerwacja (IdRezerwacji, DataRezerwacji, PoczatekPobytu, KoniecPobytu, IdKlienta, IdPokoju, IdHotelu) values (213, '2018-12-17 11:12:07', 2019-01-07 11:12:07 UTC, 2019-01-09 11:12:07 UTC, 194, 154, 11);
insert into Rezerwacja (IdRezerwacji, DataRezerwacji, PoczatekPobytu, KoniecPobytu, IdKlienta, IdPokoju, IdHotelu) values (214, '2018-09-22 00:48:51', 2018-10-06 00:48:51 UTC, 2018-10-16 00:48:51 UTC, 113, 65, 11);
insert into Rezerwacja (IdRezerwacji, DataRezerwacji, PoczatekPobytu, KoniecPobytu, IdKlienta, IdPokoju, IdHotelu) values (215, '2019-01-13 23:52:36', 2019-02-02 23:52:36 UTC, 2019-02-11 23:52:36 UTC, 77, 183, 8);
insert into Rezerwacja (IdRezerwacji, DataRezerwacji, PoczatekPobytu, KoniecPobytu, IdKlienta, IdPokoju, IdHotelu) values (216, '2018-11-18 03:49:40', 2018-12-15 03:49:40 UTC, 2018-12-28 03:49:40 UTC, 89, 13, 11);
insert into Rezerwacja (IdRezerwacji, DataRezerwacji, PoczatekPobytu, KoniecPobytu, IdKlienta, IdPokoju, IdHotelu) values (217, '2018-12-30 01:33:20', 2019-01-28 01:33:20 UTC, 2019-01-29 01:33:20 UTC, 47, 78, 13);
insert into Rezerwacja (IdRezerwacji, DataRezerwacji, PoczatekPobytu, KoniecPobytu, IdKlienta, IdPokoju, IdHotelu) values (218, '2019-01-22 08:16:25', 2019-02-11 08:16:25 UTC, 2019-02-16 08:16:25 UTC, 64, 92, 9);
insert into Rezerwacja (IdRezerwacji, DataRezerwacji, PoczatekPobytu, KoniecPobytu, IdKlienta, IdPokoju, IdHotelu) values (219, '2018-12-13 20:36:38', 2019-01-01 20:36:38 UTC, 2019-01-09 20:36:38 UTC, 178, 63, 10);
insert into Rezerwacja (IdRezerwacji, DataRezerwacji, PoczatekPobytu, KoniecPobytu, IdKlienta, IdPokoju, IdHotelu) values (220, '2018-08-29 07:59:34', 2018-09-10 07:59:34 UTC, 2018-09-24 07:59:34 UTC, 35, 124, 7);
insert into Rezerwacja (IdRezerwacji, DataRezerwacji, PoczatekPobytu, KoniecPobytu, IdKlienta, IdPokoju, IdHotelu) values (221, '2018-03-21 03:43:22', 2018-04-04 03:43:22 UTC, 2018-04-18 03:43:22 UTC, 103, 142, 7);
insert into Rezerwacja (IdRezerwacji, DataRezerwacji, PoczatekPobytu, KoniecPobytu, IdKlienta, IdPokoju, IdHotelu) values (222, '2019-02-25 16:49:38', 2019-03-26 16:49:38 UTC, 2019-03-29 16:49:38 UTC, 97, 137, 9);
insert into Rezerwacja (IdRezerwacji, DataRezerwacji, PoczatekPobytu, KoniecPobytu, IdKlienta, IdPokoju, IdHotelu) values (223, '2018-06-07 09:35:46', 2018-07-07 09:35:46 UTC, 2018-07-08 09:35:46 UTC, 58, 165, 11);
insert into Rezerwacja (IdRezerwacji, DataRezerwacji, PoczatekPobytu, KoniecPobytu, IdKlienta, IdPokoju, IdHotelu) values (224, '2019-01-30 14:33:32', 2019-03-01 14:33:32 UTC, 2019-03-13 14:33:32 UTC, 13, 5, 3);
insert into Rezerwacja (IdRezerwacji, DataRezerwacji, PoczatekPobytu, KoniecPobytu, IdKlienta, IdPokoju, IdHotelu) values (225, '2018-03-22 04:49:15', 2018-04-16 04:49:15 UTC, 2018-04-26 04:49:15 UTC, 163, 190, 8);
insert into Rezerwacja (IdRezerwacji, DataRezerwacji, PoczatekPobytu, KoniecPobytu, IdKlienta, IdPokoju, IdHotelu) values (226, '2018-07-28 18:41:48', 2018-08-22 18:41:48 UTC, 2018-08-30 18:41:48 UTC, 151, 152, 6);
insert into Rezerwacja (IdRezerwacji, DataRezerwacji, PoczatekPobytu, KoniecPobytu, IdKlienta, IdPokoju, IdHotelu) values (227, '2018-05-02 10:12:24', 2018-05-12 10:12:24 UTC, 2018-05-24 10:12:24 UTC, 90, 70, 3);
insert into Rezerwacja (IdRezerwacji, DataRezerwacji, PoczatekPobytu, KoniecPobytu, IdKlienta, IdPokoju, IdHotelu) values (228, '2018-03-21 04:47:26', 2018-04-05 04:47:26 UTC, 2018-04-13 04:47:26 UTC, 128, 133, 10);
insert into Rezerwacja (IdRezerwacji, DataRezerwacji, PoczatekPobytu, KoniecPobytu, IdKlienta, IdPokoju, IdHotelu) values (229, '2018-05-19 15:52:06', 2018-06-08 15:52:06 UTC, 2018-06-11 15:52:06 UTC, 182, 12, 12);
insert into Rezerwacja (IdRezerwacji, DataRezerwacji, PoczatekPobytu, KoniecPobytu, IdKlienta, IdPokoju, IdHotelu) values (230, '2019-01-16 05:05:47', 2019-02-09 05:05:47 UTC, 2019-02-11 05:05:47 UTC, 33, 7, 13);
insert into Rezerwacja (IdRezerwacji, DataRezerwacji, PoczatekPobytu, KoniecPobytu, IdKlienta, IdPokoju, IdHotelu) values (231, '2018-07-04 20:26:24', 2018-07-21 20:26:24 UTC, 2018-07-29 20:26:24 UTC, 127, 185, 5);
insert into Rezerwacja (IdRezerwacji, DataRezerwacji, PoczatekPobytu, KoniecPobytu, IdKlienta, IdPokoju, IdHotelu) values (232, '2019-02-16 04:39:47', 2019-02-26 04:39:47 UTC, 2019-03-10 04:39:47 UTC, 36, 34, 11);
insert into Rezerwacja (IdRezerwacji, DataRezerwacji, PoczatekPobytu, KoniecPobytu, IdKlienta, IdPokoju, IdHotelu) values (233, '2018-04-11 10:11:57', 2018-04-28 10:11:57 UTC, 2018-05-06 10:11:57 UTC, 78, 10, 13);
insert into Rezerwacja (IdRezerwacji, DataRezerwacji, PoczatekPobytu, KoniecPobytu, IdKlienta, IdPokoju, IdHotelu) values (234, '2018-05-09 06:14:41', 2018-05-26 06:14:41 UTC, 2018-05-30 06:14:41 UTC, 168, 139, 9);
insert into Rezerwacja (IdRezerwacji, DataRezerwacji, PoczatekPobytu, KoniecPobytu, IdKlienta, IdPokoju, IdHotelu) values (235, '2018-08-10 18:32:17', 2018-09-05 18:32:17 UTC, 2018-09-10 18:32:17 UTC, 81, 54, 1);
insert into Rezerwacja (IdRezerwacji, DataRezerwacji, PoczatekPobytu, KoniecPobytu, IdKlienta, IdPokoju, IdHotelu) values (236, '2018-11-04 21:10:31', 2018-11-21 21:10:31 UTC, 2018-11-22 21:10:31 UTC, 153, 11, 10);
insert into Rezerwacja (IdRezerwacji, DataRezerwacji, PoczatekPobytu, KoniecPobytu, IdKlienta, IdPokoju, IdHotelu) values (237, '2018-05-19 04:25:46', 2018-06-03 04:25:46 UTC, 2018-06-12 04:25:46 UTC, 124, 39, 1);
insert into Rezerwacja (IdRezerwacji, DataRezerwacji, PoczatekPobytu, KoniecPobytu, IdKlienta, IdPokoju, IdHotelu) values (238, '2019-03-06 16:49:26', 2019-03-29 16:49:26 UTC, 2019-04-07 16:49:26 UTC, 40, 107, 13);
insert into Rezerwacja (IdRezerwacji, DataRezerwacji, PoczatekPobytu, KoniecPobytu, IdKlienta, IdPokoju, IdHotelu) values (239, '2018-09-24 10:09:12', 2018-10-16 10:09:12 UTC, 2018-10-23 10:09:12 UTC, 142, 81, 1);
insert into Rezerwacja (IdRezerwacji, DataRezerwacji, PoczatekPobytu, KoniecPobytu, IdKlienta, IdPokoju, IdHotelu) values (240, '2018-12-23 11:55:48', 2019-01-20 11:55:48 UTC, 2019-01-28 11:55:48 UTC, 3, 28, 2);
insert into Rezerwacja (IdRezerwacji, DataRezerwacji, PoczatekPobytu, KoniecPobytu, IdKlienta, IdPokoju, IdHotelu) values (241, '2018-04-03 16:44:43', 2018-04-15 16:44:43 UTC, 2018-04-21 16:44:43 UTC, 151, 173, 9);
insert into Rezerwacja (IdRezerwacji, DataRezerwacji, PoczatekPobytu, KoniecPobytu, IdKlienta, IdPokoju, IdHotelu) values (242, '2018-11-04 03:09:46', 2018-11-18 03:09:46 UTC, 2018-11-28 03:09:46 UTC, 66, 45, 8);
insert into Rezerwacja (IdRezerwacji, DataRezerwacji, PoczatekPobytu, KoniecPobytu, IdKlienta, IdPokoju, IdHotelu) values (243, '2019-01-19 06:09:19', 2019-01-29 06:09:19 UTC, 2019-02-01 06:09:19 UTC, 118, 92, 1);
insert into Rezerwacja (IdRezerwacji, DataRezerwacji, PoczatekPobytu, KoniecPobytu, IdKlienta, IdPokoju, IdHotelu) values (244, '2019-03-12 21:56:12', 2019-04-09 21:56:12 UTC, 2019-04-15 21:56:12 UTC, 156, 10, 1);
insert into Rezerwacja (IdRezerwacji, DataRezerwacji, PoczatekPobytu, KoniecPobytu, IdKlienta, IdPokoju, IdHotelu) values (245, '2019-02-27 16:56:56', 2019-03-15 16:56:56 UTC, 2019-03-28 16:56:56 UTC, 22, 5, 3);
insert into Rezerwacja (IdRezerwacji, DataRezerwacji, PoczatekPobytu, KoniecPobytu, IdKlienta, IdPokoju, IdHotelu) values (246, '2018-06-27 08:53:56', 2018-07-24 08:53:56 UTC, 2018-07-30 08:53:56 UTC, 32, 105, 2);
insert into Rezerwacja (IdRezerwacji, DataRezerwacji, PoczatekPobytu, KoniecPobytu, IdKlienta, IdPokoju, IdHotelu) values (247, '2018-06-04 04:18:16', 2018-06-16 04:18:16 UTC, 2018-06-27 04:18:16 UTC, 87, 152, 1);
insert into Rezerwacja (IdRezerwacji, DataRezerwacji, PoczatekPobytu, KoniecPobytu, IdKlienta, IdPokoju, IdHotelu) values (248, '2018-11-17 07:27:39', 2018-12-12 07:27:39 UTC, 2018-12-17 07:27:39 UTC, 150, 139, 7);
insert into Rezerwacja (IdRezerwacji, DataRezerwacji, PoczatekPobytu, KoniecPobytu, IdKlienta, IdPokoju, IdHotelu) values (249, '2018-08-21 01:37:32', 2018-09-11 01:37:32 UTC, 2018-09-22 01:37:32 UTC, 14, 12, 11);
insert into Rezerwacja (IdRezerwacji, DataRezerwacji, PoczatekPobytu, KoniecPobytu, IdKlienta, IdPokoju, IdHotelu) values (250, '2019-03-11 17:04:55', 2019-03-30 17:04:55 UTC, 2019-04-08 17:04:55 UTC, 191, 128, 12);
insert into Rezerwacja (IdRezerwacji, DataRezerwacji, PoczatekPobytu, KoniecPobytu, IdKlienta, IdPokoju, IdHotelu) values (251, '2018-04-24 16:16:40', 2018-05-17 16:16:40 UTC, 2018-05-22 16:16:40 UTC, 26, 180, 7);
insert into Rezerwacja (IdRezerwacji, DataRezerwacji, PoczatekPobytu, KoniecPobytu, IdKlienta, IdPokoju, IdHotelu) values (252, '2018-08-13 19:01:05', 2018-08-30 19:01:05 UTC, 2018-09-04 19:01:05 UTC, 105, 133, 12);
insert into Rezerwacja (IdRezerwacji, DataRezerwacji, PoczatekPobytu, KoniecPobytu, IdKlienta, IdPokoju, IdHotelu) values (253, '2018-09-23 09:09:21', 2018-10-06 09:09:21 UTC, 2018-10-07 09:09:21 UTC, 139, 113, 12);
insert into Rezerwacja (IdRezerwacji, DataRezerwacji, PoczatekPobytu, KoniecPobytu, IdKlienta, IdPokoju, IdHotelu) values (254, '2019-01-29 08:58:21', 2019-02-19 08:58:21 UTC, 2019-02-26 08:58:21 UTC, 131, 109, 6);
insert into Rezerwacja (IdRezerwacji, DataRezerwacji, PoczatekPobytu, KoniecPobytu, IdKlienta, IdPokoju, IdHotelu) values (255, '2019-01-02 18:30:17', 2019-01-12 18:30:17 UTC, 2019-01-25 18:30:17 UTC, 46, 152, 11);
insert into Rezerwacja (IdRezerwacji, DataRezerwacji, PoczatekPobytu, KoniecPobytu, IdKlienta, IdPokoju, IdHotelu) values (256, '2019-02-02 07:29:46', 2019-02-17 07:29:46 UTC, 2019-03-01 07:29:46 UTC, 11, 131, 1);
insert into Rezerwacja (IdRezerwacji, DataRezerwacji, PoczatekPobytu, KoniecPobytu, IdKlienta, IdPokoju, IdHotelu) values (257, '2019-01-12 18:07:53', 2019-02-03 18:07:53 UTC, 2019-02-17 18:07:53 UTC, 45, 88, 1);
insert into Rezerwacja (IdRezerwacji, DataRezerwacji, PoczatekPobytu, KoniecPobytu, IdKlienta, IdPokoju, IdHotelu) values (258, '2018-10-19 02:40:38', 2018-11-12 02:40:38 UTC, 2018-11-24 02:40:38 UTC, 104, 126, 2);
insert into Rezerwacja (IdRezerwacji, DataRezerwacji, PoczatekPobytu, KoniecPobytu, IdKlienta, IdPokoju, IdHotelu) values (259, '2018-10-25 07:57:43', 2018-11-07 07:57:43 UTC, 2018-11-08 07:57:43 UTC, 49, 126, 11);
insert into Rezerwacja (IdRezerwacji, DataRezerwacji, PoczatekPobytu, KoniecPobytu, IdKlienta, IdPokoju, IdHotelu) values (260, '2018-07-11 14:25:30', 2018-07-23 14:25:30 UTC, 2018-08-05 14:25:30 UTC, 64, 173, 14);
insert into Rezerwacja (IdRezerwacji, DataRezerwacji, PoczatekPobytu, KoniecPobytu, IdKlienta, IdPokoju, IdHotelu) values (261, '2018-10-11 17:40:05', 2018-11-02 17:40:05 UTC, 2018-11-13 17:40:05 UTC, 86, 11, 3);
insert into Rezerwacja (IdRezerwacji, DataRezerwacji, PoczatekPobytu, KoniecPobytu, IdKlienta, IdPokoju, IdHotelu) values (262, '2018-10-04 10:27:00', 2018-10-16 10:27:00 UTC, 2018-10-18 10:27:00 UTC, 74, 36, 2);
insert into Rezerwacja (IdRezerwacji, DataRezerwacji, PoczatekPobytu, KoniecPobytu, IdKlienta, IdPokoju, IdHotelu) values (263, '2018-06-23 14:34:35', 2018-07-14 14:34:35 UTC, 2018-07-28 14:34:35 UTC, 185, 85, 11);
insert into Rezerwacja (IdRezerwacji, DataRezerwacji, PoczatekPobytu, KoniecPobytu, IdKlienta, IdPokoju, IdHotelu) values (264, '2019-01-10 04:18:15', 2019-01-23 04:18:15 UTC, 2019-01-30 04:18:15 UTC, 157, 154, 2);
insert into Rezerwacja (IdRezerwacji, DataRezerwacji, PoczatekPobytu, KoniecPobytu, IdKlienta, IdPokoju, IdHotelu) values (265, '2018-10-29 23:50:29', 2018-11-17 23:50:29 UTC, 2018-12-01 23:50:29 UTC, 17, 32, 12);
insert into Rezerwacja (IdRezerwacji, DataRezerwacji, PoczatekPobytu, KoniecPobytu, IdKlienta, IdPokoju, IdHotelu) values (266, '2018-11-01 08:44:00', 2018-11-29 08:44:00 UTC, 2018-12-01 08:44:00 UTC, 68, 188, 7);
insert into Rezerwacja (IdRezerwacji, DataRezerwacji, PoczatekPobytu, KoniecPobytu, IdKlienta, IdPokoju, IdHotelu) values (267, '2018-09-12 10:58:03', 2018-10-03 10:58:03 UTC, 2018-10-14 10:58:03 UTC, 179, 91, 7);
insert into Rezerwacja (IdRezerwacji, DataRezerwacji, PoczatekPobytu, KoniecPobytu, IdKlienta, IdPokoju, IdHotelu) values (268, '2018-05-08 23:34:05', 2018-06-04 23:34:05 UTC, 2018-06-11 23:34:05 UTC, 127, 85, 5);
insert into Rezerwacja (IdRezerwacji, DataRezerwacji, PoczatekPobytu, KoniecPobytu, IdKlienta, IdPokoju, IdHotelu) values (269, '2018-08-12 07:52:40', 2018-09-05 07:52:40 UTC, 2018-09-16 07:52:40 UTC, 21, 80, 4);
insert into Rezerwacja (IdRezerwacji, DataRezerwacji, PoczatekPobytu, KoniecPobytu, IdKlienta, IdPokoju, IdHotelu) values (270, '2018-03-21 22:41:23', 2018-04-13 22:41:23 UTC, 2018-04-19 22:41:23 UTC, 84, 51, 11);
insert into Rezerwacja (IdRezerwacji, DataRezerwacji, PoczatekPobytu, KoniecPobytu, IdKlienta, IdPokoju, IdHotelu) values (271, '2018-10-10 16:45:34', 2018-10-26 16:45:34 UTC, 2018-11-02 16:45:34 UTC, 185, 181, 3);
insert into Rezerwacja (IdRezerwacji, DataRezerwacji, PoczatekPobytu, KoniecPobytu, IdKlienta, IdPokoju, IdHotelu) values (272, '2018-05-16 22:05:50', 2018-06-02 22:05:50 UTC, 2018-06-13 22:05:50 UTC, 55, 139, 14);
insert into Rezerwacja (IdRezerwacji, DataRezerwacji, PoczatekPobytu, KoniecPobytu, IdKlienta, IdPokoju, IdHotelu) values (273, '2018-03-29 07:28:29', 2018-04-15 07:28:29 UTC, 2018-04-26 07:28:29 UTC, 164, 73, 4);
insert into Rezerwacja (IdRezerwacji, DataRezerwacji, PoczatekPobytu, KoniecPobytu, IdKlienta, IdPokoju, IdHotelu) values (274, '2018-08-31 11:51:34', 2018-09-12 11:51:34 UTC, 2018-09-23 11:51:34 UTC, 101, 55, 6);
insert into Rezerwacja (IdRezerwacji, DataRezerwacji, PoczatekPobytu, KoniecPobytu, IdKlienta, IdPokoju, IdHotelu) values (275, '2019-01-01 19:28:05', 2019-01-21 19:28:05 UTC, 2019-02-01 19:28:05 UTC, 157, 104, 8);
insert into Rezerwacja (IdRezerwacji, DataRezerwacji, PoczatekPobytu, KoniecPobytu, IdKlienta, IdPokoju, IdHotelu) values (276, '2018-08-10 11:23:51', 2018-08-27 11:23:51 UTC, 2018-09-08 11:23:51 UTC, 72, 96, 6);
insert into Rezerwacja (IdRezerwacji, DataRezerwacji, PoczatekPobytu, KoniecPobytu, IdKlienta, IdPokoju, IdHotelu) values (277, '2018-12-31 19:03:07', 2019-01-18 19:03:07 UTC, 2019-01-23 19:03:07 UTC, 121, 86, 2);
insert into Rezerwacja (IdRezerwacji, DataRezerwacji, PoczatekPobytu, KoniecPobytu, IdKlienta, IdPokoju, IdHotelu) values (278, '2018-09-18 19:46:31', 2018-10-13 19:46:31 UTC, 2018-10-23 19:46:31 UTC, 119, 134, 2);
insert into Rezerwacja (IdRezerwacji, DataRezerwacji, PoczatekPobytu, KoniecPobytu, IdKlienta, IdPokoju, IdHotelu) values (279, '2018-06-30 00:02:03', 2018-07-25 00:02:03 UTC, 2018-07-31 00:02:03 UTC, 182, 190, 11);
insert into Rezerwacja (IdRezerwacji, DataRezerwacji, PoczatekPobytu, KoniecPobytu, IdKlienta, IdPokoju, IdHotelu) values (280, '2019-02-19 05:35:47', 2019-03-19 05:35:47 UTC, 2019-04-02 05:35:47 UTC, 35, 130, 5);
insert into Rezerwacja (IdRezerwacji, DataRezerwacji, PoczatekPobytu, KoniecPobytu, IdKlienta, IdPokoju, IdHotelu) values (281, '2019-01-30 02:23:41', 2019-02-23 02:23:41 UTC, 2019-02-26 02:23:41 UTC, 10, 147, 14);
insert into Rezerwacja (IdRezerwacji, DataRezerwacji, PoczatekPobytu, KoniecPobytu, IdKlienta, IdPokoju, IdHotelu) values (282, '2018-06-17 17:52:58', 2018-07-03 17:52:58 UTC, 2018-07-14 17:52:58 UTC, 186, 199, 3);
insert into Rezerwacja (IdRezerwacji, DataRezerwacji, PoczatekPobytu, KoniecPobytu, IdKlienta, IdPokoju, IdHotelu) values (283, '2018-12-16 06:26:09', 2019-01-13 06:26:09 UTC, 2019-01-24 06:26:09 UTC, 60, 23, 3);
insert into Rezerwacja (IdRezerwacji, DataRezerwacji, PoczatekPobytu, KoniecPobytu, IdKlienta, IdPokoju, IdHotelu) values (284, '2018-10-28 06:17:22', 2018-11-26 06:17:22 UTC, 2018-12-07 06:17:22 UTC, 112, 117, 9);
insert into Rezerwacja (IdRezerwacji, DataRezerwacji, PoczatekPobytu, KoniecPobytu, IdKlienta, IdPokoju, IdHotelu) values (285, '2018-03-22 22:27:26', 2018-04-17 22:27:26 UTC, 2018-04-28 22:27:26 UTC, 16, 44, 14);
insert into Rezerwacja (IdRezerwacji, DataRezerwacji, PoczatekPobytu, KoniecPobytu, IdKlienta, IdPokoju, IdHotelu) values (286, '2018-11-22 08:30:33', 2018-12-18 08:30:33 UTC, 2018-12-24 08:30:33 UTC, 119, 183, 6);
insert into Rezerwacja (IdRezerwacji, DataRezerwacji, PoczatekPobytu, KoniecPobytu, IdKlienta, IdPokoju, IdHotelu) values (287, '2018-04-25 15:07:10', 2018-05-12 15:07:10 UTC, 2018-05-18 15:07:10 UTC, 133, 179, 11);
insert into Rezerwacja (IdRezerwacji, DataRezerwacji, PoczatekPobytu, KoniecPobytu, IdKlienta, IdPokoju, IdHotelu) values (288, '2019-02-15 08:00:06', 2019-03-11 08:00:06 UTC, 2019-03-20 08:00:06 UTC, 196, 32, 14);
insert into Rezerwacja (IdRezerwacji, DataRezerwacji, PoczatekPobytu, KoniecPobytu, IdKlienta, IdPokoju, IdHotelu) values (289, '2018-12-09 12:10:33', 2019-01-04 12:10:33 UTC, 2019-01-11 12:10:33 UTC, 33, 127, 9);
insert into Rezerwacja (IdRezerwacji, DataRezerwacji, PoczatekPobytu, KoniecPobytu, IdKlienta, IdPokoju, IdHotelu) values (290, '2019-01-31 16:00:28', 2019-03-01 16:00:28 UTC, 2019-03-04 16:00:28 UTC, 99, 146, 1);
insert into Rezerwacja (IdRezerwacji, DataRezerwacji, PoczatekPobytu, KoniecPobytu, IdKlienta, IdPokoju, IdHotelu) values (291, '2018-08-06 09:15:18', 2018-09-01 09:15:18 UTC, 2018-09-12 09:15:18 UTC, 73, 50, 5);
insert into Rezerwacja (IdRezerwacji, DataRezerwacji, PoczatekPobytu, KoniecPobytu, IdKlienta, IdPokoju, IdHotelu) values (292, '2019-03-03 16:18:09', 2019-03-16 16:18:09 UTC, 2019-03-21 16:18:09 UTC, 103, 32, 8);
insert into Rezerwacja (IdRezerwacji, DataRezerwacji, PoczatekPobytu, KoniecPobytu, IdKlienta, IdPokoju, IdHotelu) values (293, '2018-11-09 23:09:01', 2018-12-03 23:09:01 UTC, 2018-12-13 23:09:01 UTC, 190, 87, 11);
insert into Rezerwacja (IdRezerwacji, DataRezerwacji, PoczatekPobytu, KoniecPobytu, IdKlienta, IdPokoju, IdHotelu) values (294, '2018-04-11 01:34:55', 2018-04-29 01:34:55 UTC, 2018-05-12 01:34:55 UTC, 169, 187, 13);
insert into Rezerwacja (IdRezerwacji, DataRezerwacji, PoczatekPobytu, KoniecPobytu, IdKlienta, IdPokoju, IdHotelu) values (295, '2019-03-16 08:15:06', 2019-04-05 08:15:06 UTC, 2019-04-08 08:15:06 UTC, 132, 10, 10);
insert into Rezerwacja (IdRezerwacji, DataRezerwacji, PoczatekPobytu, KoniecPobytu, IdKlienta, IdPokoju, IdHotelu) values (296, '2018-08-13 09:31:46', 2018-09-06 09:31:46 UTC, 2018-09-15 09:31:46 UTC, 168, 192, 7);
insert into Rezerwacja (IdRezerwacji, DataRezerwacji, PoczatekPobytu, KoniecPobytu, IdKlienta, IdPokoju, IdHotelu) values (297, '2018-06-10 11:31:36', 2018-06-28 11:31:36 UTC, 2018-07-08 11:31:36 UTC, 166, 46, 13);
insert into Rezerwacja (IdRezerwacji, DataRezerwacji, PoczatekPobytu, KoniecPobytu, IdKlienta, IdPokoju, IdHotelu) values (298, '2018-11-14 18:38:30', 2018-11-29 18:38:30 UTC, 2018-12-03 18:38:30 UTC, 24, 55, 6);
insert into Rezerwacja (IdRezerwacji, DataRezerwacji, PoczatekPobytu, KoniecPobytu, IdKlienta, IdPokoju, IdHotelu) values (299, '2018-06-29 21:44:43', 2018-07-12 21:44:43 UTC, 2018-07-17 21:44:43 UTC, 8, 119, 6);
insert into Rezerwacja (IdRezerwacji, DataRezerwacji, PoczatekPobytu, KoniecPobytu, IdKlienta, IdPokoju, IdHotelu) values (300, '2018-09-09 16:38:44', 2018-10-05 16:38:44 UTC, 2018-10-14 16:38:44 UTC, 144, 3, 13);

